#
# A fatal error has been detected by the Java Runtime Environment:
#
#  SIGSEGV (0xb) at pc=0x0000000102dafbe4, pid=23241, tid=33539
#
# JRE version: Java(TM) SE Runtime Environment (21.0.4+8) (build 21.0.4+8-LTS-274)
# Java VM: Java HotSpot(TM) 64-Bit Server VM (21.0.4+8-LTS-274, mixed mode, sharing, tiered, compressed oops, compressed class ptrs, g1 gc, bsd-aarch64)
# Problematic frame:
# C  [Python+0xafbe4]  PyObject_RichCompare+0x34
#
# No core dump will be written. Core dumps have been disabled. To enable core dumping, try "ulimit -c unlimited" before starting Java again
#
# If you would like to submit a bug report, please visit:
#   https://bugreport.java.com/bugreport/crash.jsp
# The crash happened outside the Java Virtual Machine in native code.
# See problematic frame for where to report the bug.
#

---------------  S U M M A R Y ------------

Command Line: -Dfile.encoding=UTF8 -ea -Xmx1024m 

Host: "Mac15,13" arm64, 8 cores, 16G, Darwin 24.5.0, macOS 15.5 (24F74)
Time: Sun Aug  3 13:50:42 2025 KST elapsed time: 75863.858232 seconds (0d 21h 4m 23s)

---------------  T H R E A D  ---------------

Current thread (0x0000000137d60200):  JavaThread "SIGTERM handler" daemon [_thread_in_native, id=33539, stack(0x000000030f210000,0x000000030f413000) (2060K)]

Stack: [0x000000030f210000,0x000000030f413000],  sp=0x000000030f412650,  free space=2057k
Native frames: (J=compiled Java code, j=interpreted, Vv=VM code, C=native code)
C  [Python+0xafbe4]  PyObject_RichCompare+0x34
C  [Python+0xb0868]  PyObject_RichCompareBool+0x18
C  [Python+0x1baaf4]  compare_handler+0x30
C  [Python+0x1bb258]  PyErr_SetInterruptEx+0x48
j  org.jpype.JPypeSignal.interruptPy(I)V+0
j  org.jpype.JPypeSignal.lambda$getSignalHandler$0(ILjava/lang/Object;Ljava/lang/reflect/Method;[Ljava/lang/Object;)Ljava/lang/Object;+7
j  org.jpype.JPypeSignal$$Lambda+0x0000007001007850.invoke(Ljava/lang/Object;Ljava/lang/reflect/Method;[Ljava/lang/Object;)Ljava/lang/Object;+7
j  jdk.proxy2.$Proxy3.handle(Lsun/misc/Signal;)V+16 jdk.proxy2
j  sun.misc.Signal$InternalMiscHandler.handle(Ljdk/internal/misc/Signal;)V+8 jdk.unsupported@21.0.4
j  jdk.internal.misc.Signal$1.run()V+8 java.base@21.0.4
j  java.lang.Thread.runWith(Ljava/lang/Object;Ljava/lang/Runnable;)V+5 java.base@21.0.4
j  java.lang.Thread.run()V+19 java.base@21.0.4
v  ~StubRoutines::call_stub 0x0000000307534140
V  [libjvm.dylib+0x4d7f94]  JavaCalls::call_helper(JavaValue*, methodHandle const&, JavaCallArguments*, JavaThread*)+0x39c
V  [libjvm.dylib+0x4d6f58]  JavaCalls::call_virtual(JavaValue*, Klass*, Symbol*, Symbol*, JavaCallArguments*, JavaThread*)+0x140
V  [libjvm.dylib+0x4d7024]  JavaCalls::call_virtual(JavaValue*, Handle, Klass*, Symbol*, Symbol*, JavaThread*)+0x64
V  [libjvm.dylib+0x59e5a4]  thread_entry(JavaThread*, JavaThread*)+0x9c
V  [libjvm.dylib+0x4eb15c]  JavaThread::thread_main_inner()+0x8c
V  [libjvm.dylib+0x9ac3f8]  Thread::call_run()+0xc8
V  [libjvm.dylib+0x85441c]  thread_native_entry(Thread*)+0x158
C  [libsystem_pthread.dylib+0x6c0c]  _pthread_start+0x88
Java frames: (J=compiled Java code, j=interpreted, Vv=VM code)
j  org.jpype.JPypeSignal.interruptPy(I)V+0
j  org.jpype.JPypeSignal.lambda$getSignalHandler$0(ILjava/lang/Object;Ljava/lang/reflect/Method;[Ljava/lang/Object;)Ljava/lang/Object;+7
j  org.jpype.JPypeSignal$$Lambda+0x0000007001007850.invoke(Ljava/lang/Object;Ljava/lang/reflect/Method;[Ljava/lang/Object;)Ljava/lang/Object;+7
j  jdk.proxy2.$Proxy3.handle(Lsun/misc/Signal;)V+16 jdk.proxy2
j  sun.misc.Signal$InternalMiscHandler.handle(Ljdk/internal/misc/Signal;)V+8 jdk.unsupported@21.0.4
j  jdk.internal.misc.Signal$1.run()V+8 java.base@21.0.4
j  java.lang.Thread.runWith(Ljava/lang/Object;Ljava/lang/Runnable;)V+5 java.base@21.0.4
j  java.lang.Thread.run()V+19 java.base@21.0.4
v  ~StubRoutines::call_stub 0x0000000307534140

siginfo: si_signo: 11 (SIGSEGV), si_code: 2 (SEGV_ACCERR), si_addr: 0x0000000000000020

Registers:
 x0=0x00000001030ceb30  x1=0x00000001030ceb50  x2=0x0000000000000002  x3=0x0000000000000000
 x4=0x00000000000020a0  x5=0x000000030f412450  x6=0x0000000300000002  x7=0x0000000137d60200
 x8=0x00000001030ce000  x9=0x000000010304d8c8 x10=0x000000010f2116d8 x11=0x0000000000000004
x12=0x0000000130419358 x13=0x0000000130419358 x14=0x0000000116604080 x15=0x00000000000e68f0
x16=0x0000000102ebb210 x17=0x00000007c01173b0 x18=0x0000000000000000 x19=0x0000000000000000
x20=0x00000001030ceb50 x21=0x00000001030ceb30 x22=0x0000000000000002 x23=0x000000030753bb40
x24=0x000000030f412788 x25=0x0000000000000001 x26=0x0000000130419568 x27=0x0000000000000000
x28=0x0000000137d60200  fp=0x000000030f4126a0  lr=0x0000000102db0868  sp=0x000000030f412650
pc=0x0000000102dafbe4 cpsr=0x0000000080001000

Register to memory mapping:

x0 =0x00000001030ceb30: _PyRuntime+0x380 in /opt/homebrew/Cellar/python@3.11/3.11.11/Frameworks/Python.framework/Versions/3.11/Python at 0x0000000102d00000
x1 =0x00000001030ceb50: _PyRuntime+0x3a0 in /opt/homebrew/Cellar/python@3.11/3.11.11/Frameworks/Python.framework/Versions/3.11/Python at 0x0000000102d00000
x2 =0x0000000000000002 is an unknown value
x3 =0x0 is null
x4 =0x00000000000020a0 is an unknown value
x5 =0x000000030f412450 is pointing into the stack for thread: 0x0000000137d60200
x6 =0x0000000300000002 points into unknown readable memory: 00 00 00 00 00 00
x7 =0x0000000137d60200 is a thread
x8 =0x00000001030ce000: __hello___toplevel_consts_3_consts+0x20 in /opt/homebrew/Cellar/python@3.11/3.11.11/Frameworks/Python.framework/Versions/3.11/Python at 0x0000000102d00000
x9 =0x000000010304d8c8: PyLong_Type+0 in /opt/homebrew/Cellar/python@3.11/3.11.11/Frameworks/Python.framework/Versions/3.11/Python at 0x0000000102d00000
x10=0x000000010f2116d8: Java_org_jpype_JPypeSignal_interruptPy+0 in /Users/song-giung/code/study/Momentum_Study/.venv/lib/python3.11/site-packages/_jpype.cpython-311-darwin.so at 0x000000010f200000
x11=0x0000000000000004 is an unknown value
x12={method} {0x0000000130419358} 'interruptPy' '(I)V' in 'org/jpype/JPypeSignal'
x13={method} {0x0000000130419358} 'interruptPy' '(I)V' in 'org/jpype/JPypeSignal'
x14=0x0000000116604080 points into unknown readable memory: 0x0000000000000000 | 00 00 00 00 00 00 00 00
x15=0x00000000000e68f0 is an unknown value
x16=0x0000000102ebb210: PyErr_SetInterruptEx+0 in /opt/homebrew/Cellar/python@3.11/3.11.11/Frameworks/Python.framework/Versions/3.11/Python at 0x0000000102d00000
x17=0x00000007c01173b0 is an oop: java.lang.Class 
{0x00000007c01173b0} - klass: 'java/lang/Class'
 - ---- fields (total size 15 words):
 - private volatile transient 'classRedefinedCount' 'I' @12  0 (0x00000000)
 - injected 'klass' 'J' @16  481053144656 (0x0000007001007650)
 - injected 'array_klass' 'J' @24  0 (0x0000000000000000)
 - injected 'oop_size' 'I' @32  15 (0x0000000f)
 - injected 'static_oop_field_count' 'I' @36  1 (0x00000001)
 - private volatile transient 'cachedConstructor' 'Ljava/lang/reflect/Constructor;' @40  null (0x00000000)
 - private transient 'name' 'Ljava/lang/String;' @44  "org.jpype.JPypeSignal"{0x00000007c0117428} (0xf8022e85)
 - private transient 'module' 'Ljava/lang/Module;' @48  a 'java/lang/Module'{0x00000007ffee4190} (0xfffdc832)
 - private final 'classLoader' 'Ljava/lang/ClassLoader;' @52  a 'jdk/internal/loader/ClassLoaders$AppClassLoader'{0x00000007ffee4128} (0xfffdc825)
 - private transient 'classData' 'Ljava/lang/Object;' @56  null (0x00000000)
 - private transient 'packageName' 'Ljava/lang/String;' @60  "org.jpype"{0x00000007c002ff78} (0xf8005fef)
 - private final 'componentType' 'Ljava/lang/Class;' @64  null (0x00000000)
 - private volatile transient 'reflectionData' 'Ljava/lang/ref/SoftReference;' @68  null (0x00000000)
 - private volatile transient 'genericInfo' 'Lsun/reflect/generics/repository/ClassRepository;' @72  null (0x00000000)
 - private volatile transient 'enumConstants' '[Ljava/lang/Object;' @76  null (0x00000000)
 - private volatile transient 'enumConstantDirectory' 'Ljava/util/Map;' @80  null (0x00000000)
 - private volatile transient 'annotationData' 'Ljava/lang/Class$AnnotationData;' @84  null (0x00000000)
 - private volatile transient 'annotationType' 'Lsun/reflect/annotation/AnnotationType;' @88  null (0x00000000)
 - transient 'classValueMap' 'Ljava/lang/ClassValue$ClassValueMap;' @92  null (0x00000000)
 - injected 'protection_domain' 'Ljava/lang/Object;' @96  a 'java/security/ProtectionDomain'{0x00000007c00304c0} (0xf8006098)
 - injected 'signers_name' 'Ljava/lang/Object;' @100  null (0x00000000)
 - injected 'source_file' 'Ljava/lang/Object;' @104  null (0x00000000)
 - signature: Lorg/jpype/JPypeSignal;
 - ---- static fields (1):
 - static 'main' 'Ljava/lang/Thread;' @112  a 'java/lang/Thread'{0x00000007c0126628} (0xf8024cc5)
x18=0x0 is null
x19=0x0 is null
x20=0x00000001030ceb50: _PyRuntime+0x3a0 in /opt/homebrew/Cellar/python@3.11/3.11.11/Frameworks/Python.framework/Versions/3.11/Python at 0x0000000102d00000
x21=0x00000001030ceb30: _PyRuntime+0x380 in /opt/homebrew/Cellar/python@3.11/3.11.11/Frameworks/Python.framework/Versions/3.11/Python at 0x0000000102d00000
x22=0x0000000000000002 is an unknown value
x23=0x000000030753bb40 is at code_begin+0 in an Interpreter codelet
method entry point (kind = zerolocals)  [0x000000030753bb40, 0x000000030753be68]  808 bytes
x24=0x000000030f412788 is pointing into the stack for thread: 0x0000000137d60200
x25=0x0000000000000001 is an unknown value
x26=0x0000000130419568 is pointing into metadata
x27=0x0 is null
x28=0x0000000137d60200 is a thread
 fp=0x000000030f4126a0 is pointing into the stack for thread: 0x0000000137d60200
 lr=0x0000000102db0868: PyObject_RichCompareBool+0x18 in /opt/homebrew/Cellar/python@3.11/3.11.11/Frameworks/Python.framework/Versions/3.11/Python at 0x0000000102d00000
 sp=0x000000030f412650 is pointing into the stack for thread: 0x0000000137d60200

Top of Stack: (sp=0x000000030f412650)
0x000000030f412650:   0000000137d60200 0000000000000000
0x000000030f412660:   0000000130419568 0000000000000001
0x000000030f412670:   000000030f412788 000000030753bb40
0x000000030f412680:   0000000000000000 00000001214d79b0
0x000000030f412690:   00000001030ceb30 000000000000000f
0x000000030f4126a0:   000000030f4126c0 0000000102db0868
0x000000030f4126b0:   0000000130419358 0000000137d60200
0x000000030f4126c0:   000000030f4126d0 0000000102ebaaf4
0x000000030f4126d0:   000000030f4126f0 0000000102ebb258
0x000000030f4126e0:   000000030f412708 000000030753a9b0
0x000000030f4126f0:   000000030f412760 000000030753cb8c
0x000000030f412700:   0000000000000001 0000000000000000
0x000000030f412710:   000000030f412710 0000000000000000
0x000000030f412720:   0000000000000005 0000000130419568
0x000000030f412730:   00000007c01173b0 000000030f412700
0x000000030f412740:   0000000000000000 0000000130419358
0x000000030f412750:   0000000000000000 000000030f412770
0x000000030f412760:   000000030f4127e0 00000003075391c0
0x000000030f412770:   0000000000000000 00000007c01173b0
0x000000030f412780:   00000007c01266d0 000000000000000f
0x000000030f412790:   000000030f412790 000000013041949f
0x000000030f4127a0:   0000000000000005 0000000130419568
0x000000030f4127b0:   00000007c01173b0 000000030f412770
0x000000030f4127c0:   0000000000000000 00000001304194a8
0x000000030f4127d0:   000000030f412788 000000030f4127d0
0x000000030f4127e0:   000000030f412860 0000000307538fa0
0x000000030f4127f0:   00000007cc500800 00000007c0118c88
0x000000030f412800:   00000007c0119870 000000000000000f
0x000000030f412810:   000000030f412810 0000000130419a67
0x000000030f412820:   0000000000000005 0000000130419ae8
0x000000030f412830:   00000007c01184a8 000000030f4127d0
0x000000030f412840:   0000000000000000 0000000130419a70 

Instructions: (pc=0x0000000102dafbe4)
0x0000000102dafae4:   08 00 40 f9 08 05 00 f1 08 00 00 f9 21 ff ff 54
0x0000000102dafaf4:   08 04 40 f9 08 19 40 f9 00 01 3f d6 f5 ff ff 17
0x0000000102dafb04:   88 02 40 f9 08 05 00 f1 88 02 00 f9 41 fe ff 54
0x0000000102dafb14:   88 06 40 f9 08 19 40 f9 e0 03 14 aa 00 01 3f d6
0x0000000102dafb24:   ed ff ff 17 68 02 40 f9 08 05 00 f1 68 02 00 f9
0x0000000102dafb34:   41 fd ff 54 68 06 40 f9 08 19 40 f9 e0 03 13 aa
0x0000000102dafb44:   00 01 3f d6 e5 ff ff 17 e9 18 00 f0 20 c1 43 f9
0x0000000102dafb54:   08 0d 40 f9 e8 03 00 f9 a1 0e 00 90 21 44 2e 91
0x0000000102dafb64:   cc b5 02 94 7f 02 00 f9 14 00 80 12 c1 ff ff 17
0x0000000102dafb74:   e0 07 00 f9 28 21 40 f9 48 01 00 b4 f4 03 09 aa
0x0000000102dafb84:   e0 03 01 aa 01 00 80 d2 e6 98 00 94 c0 fe ff b4
0x0000000102dafb94:   e1 03 00 aa 88 22 40 f9 e0 07 40 f9 bb ff ff 17
0x0000000102dafba4:   14 00 80 52 7f 02 00 f9 b2 ff ff 17 ff 83 01 d1
0x0000000102dafbb4:   f8 5f 02 a9 f6 57 03 a9 f4 4f 04 a9 fd 7b 05 a9
0x0000000102dafbc4:   fd 43 01 91 e8 18 00 f0 13 11 45 f9 80 12 00 b4
0x0000000102dafbd4:   f4 03 01 aa 41 12 00 b4 f6 03 02 aa f5 03 00 aa
0x0000000102dafbe4:   68 22 40 b9 09 05 00 51 69 22 00 b9 1f 01 00 71
0x0000000102dafbf4:   0d 13 00 54 88 06 40 f9 a9 06 40 f9 b7 12 00 90
0x0000000102dafc04:   f7 02 2c 91 3f 01 08 eb c1 06 00 54 38 00 80 52
0x0000000102dafc14:   a8 06 40 f9 08 65 40 f9 a8 02 00 b4 e0 03 15 aa
0x0000000102dafc24:   e1 03 14 aa e2 03 16 aa 00 01 3f d6 1f 00 17 eb
0x0000000102dafc34:   40 01 00 54 68 22 40 b9 08 05 00 11 68 22 00 b9
0x0000000102dafc44:   fd 7b 45 a9 f4 4f 44 a9 f6 57 43 a9 f8 5f 42 a9
0x0000000102dafc54:   ff 83 01 91 c0 03 5f d6 a8 12 00 90 09 81 45 f9
0x0000000102dafc64:   29 05 00 f1 09 81 05 f9 80 08 00 54 38 02 00 34
0x0000000102dafc74:   88 06 40 f9 08 65 40 f9 c8 01 00 b4 a9 11 00 d0
0x0000000102dafc84:   29 a1 29 91 22 d9 76 b8 e0 03 14 aa e1 03 15 aa
0x0000000102dafc94:   00 01 3f d6 1f 00 17 eb e1 fc ff 54 a8 12 00 90
0x0000000102dafca4:   09 81 45 f9 29 05 00 f1 09 81 05 f9 00 07 00 54
0x0000000102dafcb4:   df 0a 00 71 21 03 00 54 e8 18 00 f0 08 01 1d 91
0x0000000102dafcc4:   e9 18 00 f0 29 81 1d 91 bf 02 14 eb 20 01 88 9a
0x0000000102dafcd4:   08 00 40 f9 08 05 00 91 08 00 00 f9 d6 ff ff 17 


Stack slot to memory mapping:

stack at sp + 0 slots: 0x0000000137d60200 is a thread
stack at sp + 1 slots: 0x0 is null
stack at sp + 2 slots: 0x0000000130419568 is pointing into metadata
stack at sp + 3 slots: 0x0000000000000001 is an unknown value
stack at sp + 4 slots: 0x000000030f412788 is pointing into the stack for thread: 0x0000000137d60200
stack at sp + 5 slots: 0x000000030753bb40 is at code_begin+0 in an Interpreter codelet
method entry point (kind = zerolocals)  [0x000000030753bb40, 0x000000030753be68]  808 bytes
stack at sp + 6 slots: 0x0 is null
stack at sp + 7 slots: 0x00000001214d79b0: _ZN19TemplateInterpreter13_active_tableE+0 in /Library/Java/JavaVirtualMachines/jdk-21.jdk/Contents/Home/lib/server/libjvm.dylib at 0x0000000120800000


---------------  P R O C E S S  ---------------

Threads class SMR info:
_java_thread_list=0x00000001167e5380, length=13, elements={
0x000000010fbf9a00, 0x00000001102f8c00, 0x0000000127a05000, 0x0000000137d11a00,
0x0000000137cf0400, 0x0000000137d0c800, 0x0000000137d1c400, 0x000000010fca8000,
0x0000000110317a00, 0x0000000110318800, 0x0000000137d22a00, 0x00000001379a4600,
0x0000000137d60200
}

Java Threads: ( => current thread )
  0x000000010fbf9a00 JavaThread "main"                              [_thread_in_native, id=259, stack(0x000000016c768000,0x000000016d768000) (16384K)]
  0x00000001102f8c00 JavaThread "Reference Handler"          daemon [_thread_blocked, id=30979, stack(0x0000000174950000,0x0000000174b53000) (2060K)]
  0x0000000127a05000 JavaThread "Finalizer"                  daemon [_thread_blocked, id=30723, stack(0x0000000174b5c000,0x0000000174d5f000) (2060K)]
  0x0000000137d11a00 JavaThread "Signal Dispatcher"          daemon [_thread_blocked, id=30211, stack(0x0000000174d68000,0x0000000174f6b000) (2060K)]
  0x0000000137cf0400 JavaThread "Service Thread"             daemon [_thread_blocked, id=23555, stack(0x0000000174f74000,0x0000000175177000) (2060K)]
  0x0000000137d0c800 JavaThread "Monitor Deflation Thread"   daemon [_thread_blocked, id=23811, stack(0x0000000175180000,0x0000000175383000) (2060K)]
  0x0000000137d1c400 JavaThread "C2 CompilerThread0"         daemon [_thread_blocked, id=29443, stack(0x000000017538c000,0x000000017558f000) (2060K)]
  0x000000010fca8000 JavaThread "C1 CompilerThread0"         daemon [_thread_blocked, id=24067, stack(0x0000000175598000,0x000000017579b000) (2060K)]
  0x0000000110317a00 JavaThread "Notification Thread"        daemon [_thread_blocked, id=28675, stack(0x00000001757a4000,0x00000001759a7000) (2060K)]
  0x0000000110318800 JavaThread "Common-Cleaner"             daemon [_thread_blocked, id=28163, stack(0x00000001759b0000,0x0000000175bb3000) (2060K)]
  0x0000000137d22a00 JavaThread "Python Reference Queue"     daemon [_thread_blocked, id=27651, stack(0x0000000175bbc000,0x0000000175dbf000) (2060K)]
  0x00000001379a4600 JavaThread "SIGTERM handler"            daemon [_thread_in_native, id=32011, stack(0x000000030f004000,0x000000030f207000) (2060K)]
=>0x0000000137d60200 JavaThread "SIGTERM handler"            daemon [_thread_in_native, id=33539, stack(0x000000030f210000,0x000000030f413000) (2060K)]
Total: 13

Other Threads:
  0x000000011650f180 VMThread "VM Thread"                           [id=18947, stack(0x00000001746b8000,0x00000001748bb000) (2060K)]
  0x0000000126ef5be0 WatcherThread "VM Periodic Task Thread"        [id=17923, stack(0x00000001744ac000,0x00000001746af000) (2060K)]
  0x0000000115136760 WorkerThread "GC Thread#0"                     [id=13059, stack(0x0000000173a70000,0x0000000173c73000) (2060K)]
  0x00000001151bf190 WorkerThread "GC Thread#1"                     [id=24323, stack(0x0000000175dc8000,0x0000000175fcb000) (2060K)]
  0x00000001151bfad0 WorkerThread "GC Thread#2"                     [id=26883, stack(0x0000000175fd4000,0x00000001761d7000) (2060K)]
  0x00000001151c0480 WorkerThread "GC Thread#3"                     [id=24579, stack(0x00000001761e0000,0x00000001763e3000) (2060K)]
  0x00000001151c0e30 WorkerThread "GC Thread#4"                     [id=24835, stack(0x00000001763ec000,0x00000001765ef000) (2060K)]
  0x00000001151c1bd0 WorkerThread "GC Thread#5"                     [id=25859, stack(0x00000001765f8000,0x00000001767fb000) (2060K)]
  0x00000001166fe370 WorkerThread "GC Thread#6"                     [id=32771, stack(0x0000000176a10000,0x0000000176c13000) (2060K)]
  0x00000001165ecbb0 WorkerThread "GC Thread#7"                     [id=43011, stack(0x0000000176c1c000,0x0000000176e1f000) (2060K)]
  0x0000000115137690 ConcurrentGCThread "G1 Main Marker"            [id=13571, stack(0x0000000173c7c000,0x0000000173e7f000) (2060K)]
  0x0000000115138490 WorkerThread "G1 Conc#0"                       [id=21251, stack(0x0000000173e88000,0x000000017408b000) (2060K)]
  0x0000000116858080 WorkerThread "G1 Conc#1"                       [id=25603, stack(0x0000000176804000,0x0000000176a07000) (2060K)]
  0x000000010fbde000 ConcurrentGCThread "G1 Refine#0"               [id=17155, stack(0x0000000174094000,0x0000000174297000) (2060K)]
  0x00000001151826a0 ConcurrentGCThread "G1 Service"                [id=20739, stack(0x00000001742a0000,0x00000001744a3000) (2060K)]
Total: 15

Threads with active compile tasks:
Total: 0

VM state: not at safepoint (normal execution)

VM Mutex/Monitor currently owned by a thread: None

Heap address: 0x00000007c0000000, size: 1024 MB, Compressed Oops mode: Zero based, Oop shift amount: 3

CDS archive(s) mapped at: [0x0000007000000000-0x0000007000ca8000-0x0000007000ca8000), size 13271040, SharedBaseAddress: 0x0000007000000000, ArchiveRelocationMode: 1.
Compressed class space mapped at: 0x0000007001000000-0x0000007041000000, reserved size: 1073741824
Narrow klass base: 0x0000007000000000, Narrow klass shift: 0, Narrow klass range: 0x100000000

GC Precious Log:
 CardTable entry size: 512
 Card Set container configuration: InlinePtr #cards 5 size 8 Array Of Cards #cards 12 size 40 Howl #buckets 4 coarsen threshold 1843 Howl Bitmap #cards 512 size 80 coarsen threshold 460 Card regions per heap region 1 cards per card region 2048
 CPUs: 8 total, 8 available
 Memory: 16384M
 Large Page Support: Disabled
 NUMA Support: Disabled
 Compressed Oops: Enabled (Zero based)
 Heap Region Size: 1M
 Heap Min Capacity: 8M
 Heap Initial Capacity: 256M
 Heap Max Capacity: 1G
 Pre-touch: Disabled
 Parallel Workers: 8
 Concurrent Workers: 2
 Concurrent Refinement Workers: 8
 Periodic GC: Disabled

Heap:
 garbage-first heap   total 242688K, used 117929K [0x00000007c0000000, 0x0000000800000000)
  region size 1024K, 39 young (39936K), 0 survivors (0K)
 Metaspace       used 10077K, committed 10304K, reserved 1114112K
  class space    used 1487K, committed 1600K, reserved 1048576K

Heap Regions: E=young(eden), S=young(survivor), O=old, HS=humongous(starts), HC=humongous(continues), CS=collection set, F=free, TAMS=top-at-mark-start, PB=parsable bottom
|   0|0x00000007c0000000, 0x00000007c00ffff8, 0x00000007c0100000| 99%| O|  |TAMS 0x00000007c0000000| PB 0x00000007c0000000| Untracked 
|   1|0x00000007c0100000, 0x00000007c01ffff0, 0x00000007c0200000| 99%| O|  |TAMS 0x00000007c0100000| PB 0x00000007c0100000| Untracked 
|   2|0x00000007c0200000, 0x00000007c02ffff0, 0x00000007c0300000| 99%| O|  |TAMS 0x00000007c0200000| PB 0x00000007c0200000| Untracked 
|   3|0x00000007c0300000, 0x00000007c03ecda8, 0x00000007c0400000| 92%| O|  |TAMS 0x00000007c0300000| PB 0x00000007c0300000| Untracked 
|   4|0x00000007c0400000, 0x00000007c04f6f38, 0x00000007c0500000| 96%| O|  |TAMS 0x00000007c0400000| PB 0x00000007c0400000| Untracked 
|   5|0x00000007c0500000, 0x00000007c05ffff0, 0x00000007c0600000| 99%| O|  |TAMS 0x00000007c0500000| PB 0x00000007c0500000| Untracked 
|   6|0x00000007c0600000, 0x00000007c0700000, 0x00000007c0700000|100%| O|  |TAMS 0x00000007c0600000| PB 0x00000007c0600000| Untracked 
|   7|0x00000007c0700000, 0x00000007c0800000, 0x00000007c0800000|100%| O|  |TAMS 0x00000007c0700000| PB 0x00000007c0700000| Untracked 
|   8|0x00000007c0800000, 0x00000007c0900000, 0x00000007c0900000|100%| O|  |TAMS 0x00000007c0800000| PB 0x00000007c0800000| Untracked 
|   9|0x00000007c0900000, 0x00000007c09ffff0, 0x00000007c0a00000| 99%| O|  |TAMS 0x00000007c0900000| PB 0x00000007c0900000| Untracked 
|  10|0x00000007c0a00000, 0x00000007c0b00000, 0x00000007c0b00000|100%| O|  |TAMS 0x00000007c0a00000| PB 0x00000007c0a00000| Untracked 
|  11|0x00000007c0b00000, 0x00000007c0c00000, 0x00000007c0c00000|100%| O|  |TAMS 0x00000007c0b00000| PB 0x00000007c0b00000| Untracked 
|  12|0x00000007c0c00000, 0x00000007c0d00000, 0x00000007c0d00000|100%|HS|  |TAMS 0x00000007c0c00000| PB 0x00000007c0c00000| Untracked 
|  13|0x00000007c0d00000, 0x00000007c0e00000, 0x00000007c0e00000|100%|HC|  |TAMS 0x00000007c0d00000| PB 0x00000007c0d00000| Untracked 
|  14|0x00000007c0e00000, 0x00000007c0f00000, 0x00000007c0f00000|100%|HS|  |TAMS 0x00000007c0e00000| PB 0x00000007c0e00000| Untracked 
|  15|0x00000007c0f00000, 0x00000007c1000000, 0x00000007c1000000|100%|HC|  |TAMS 0x00000007c0f00000| PB 0x00000007c0f00000| Untracked 
|  16|0x00000007c1000000, 0x00000007c10ffff0, 0x00000007c1100000| 99%| O|  |TAMS 0x00000007c1000000| PB 0x00000007c1000000| Untracked 
|  17|0x00000007c1100000, 0x00000007c11ffff8, 0x00000007c1200000| 99%| O|  |TAMS 0x00000007c1100000| PB 0x00000007c1100000| Untracked 
|  18|0x00000007c1200000, 0x00000007c1300000, 0x00000007c1300000|100%| O|  |TAMS 0x00000007c1200000| PB 0x00000007c1200000| Untracked 
|  19|0x00000007c1300000, 0x00000007c13ffff0, 0x00000007c1400000| 99%| O|  |TAMS 0x00000007c1300000| PB 0x00000007c1300000| Untracked 
|  20|0x00000007c1400000, 0x00000007c14ffff8, 0x00000007c1500000| 99%| O|  |TAMS 0x00000007c1400000| PB 0x00000007c1400000| Untracked 
|  21|0x00000007c1500000, 0x00000007c15ffff0, 0x00000007c1600000| 99%| O|  |TAMS 0x00000007c1500000| PB 0x00000007c1500000| Untracked 
|  22|0x00000007c1600000, 0x00000007c16ffff0, 0x00000007c1700000| 99%| O|  |TAMS 0x00000007c1600000| PB 0x00000007c1600000| Untracked 
|  23|0x00000007c1700000, 0x00000007c1800000, 0x00000007c1800000|100%|HS|  |TAMS 0x00000007c1700000| PB 0x00000007c1700000| Untracked 
|  24|0x00000007c1800000, 0x00000007c1900000, 0x00000007c1900000|100%|HS|  |TAMS 0x00000007c1800000| PB 0x00000007c1800000| Untracked 
|  25|0x00000007c1900000, 0x00000007c1a00000, 0x00000007c1a00000|100%| O|  |TAMS 0x00000007c1900000| PB 0x00000007c1900000| Untracked 
|  26|0x00000007c1a00000, 0x00000007c1b00000, 0x00000007c1b00000|100%| O|  |TAMS 0x00000007c1a00000| PB 0x00000007c1a00000| Untracked 
|  27|0x00000007c1b00000, 0x00000007c1bffff0, 0x00000007c1c00000| 99%| O|  |TAMS 0x00000007c1b00000| PB 0x00000007c1b00000| Untracked 
|  28|0x00000007c1c00000, 0x00000007c1cffff8, 0x00000007c1d00000| 99%| O|  |TAMS 0x00000007c1c00000| PB 0x00000007c1c00000| Untracked 
|  29|0x00000007c1d00000, 0x00000007c1e00000, 0x00000007c1e00000|100%|HS|  |TAMS 0x00000007c1d00000| PB 0x00000007c1d00000| Untracked 
|  30|0x00000007c1e00000, 0x00000007c1f00000, 0x00000007c1f00000|100%|HC|  |TAMS 0x00000007c1e00000| PB 0x00000007c1e00000| Untracked 
|  31|0x00000007c1f00000, 0x00000007c2000000, 0x00000007c2000000|100%|HS|  |TAMS 0x00000007c1f00000| PB 0x00000007c1f00000| Untracked 
|  32|0x00000007c2000000, 0x00000007c2100000, 0x00000007c2100000|100%|HS|  |TAMS 0x00000007c2000000| PB 0x00000007c2000000| Untracked 
|  33|0x00000007c2100000, 0x00000007c2200000, 0x00000007c2200000|100%|HC|  |TAMS 0x00000007c2100000| PB 0x00000007c2100000| Untracked 
|  34|0x00000007c2200000, 0x00000007c2300000, 0x00000007c2300000|100%| O|  |TAMS 0x00000007c2200000| PB 0x00000007c2200000| Untracked 
|  35|0x00000007c2300000, 0x00000007c2400000, 0x00000007c2400000|100%|HS|  |TAMS 0x00000007c2300000| PB 0x00000007c2300000| Untracked 
|  36|0x00000007c2400000, 0x00000007c2500000, 0x00000007c2500000|100%|HC|  |TAMS 0x00000007c2400000| PB 0x00000007c2400000| Untracked 
|  37|0x00000007c2500000, 0x00000007c2600000, 0x00000007c2600000|100%|HS|  |TAMS 0x00000007c2500000| PB 0x00000007c2500000| Untracked 
|  38|0x00000007c2600000, 0x00000007c2700000, 0x00000007c2700000|100%|HC|  |TAMS 0x00000007c2600000| PB 0x00000007c2600000| Untracked 
|  39|0x00000007c2700000, 0x00000007c2800000, 0x00000007c2800000|100%| O|  |TAMS 0x00000007c2700000| PB 0x00000007c2700000| Untracked 
|  40|0x00000007c2800000, 0x00000007c28ffff0, 0x00000007c2900000| 99%| O|  |TAMS 0x00000007c2800000| PB 0x00000007c2800000| Untracked 
|  41|0x00000007c2900000, 0x00000007c29ffff0, 0x00000007c2a00000| 99%| O|  |TAMS 0x00000007c2900000| PB 0x00000007c2900000| Untracked 
|  42|0x00000007c2a00000, 0x00000007c2b00000, 0x00000007c2b00000|100%| O|  |TAMS 0x00000007c2a00000| PB 0x00000007c2a00000| Untracked 
|  43|0x00000007c2b00000, 0x00000007c2bffff0, 0x00000007c2c00000| 99%| O|  |TAMS 0x00000007c2b00000| PB 0x00000007c2b00000| Untracked 
|  44|0x00000007c2c00000, 0x00000007c2cffff8, 0x00000007c2d00000| 99%| O|  |TAMS 0x00000007c2c00000| PB 0x00000007c2c00000| Untracked 
|  45|0x00000007c2d00000, 0x00000007c2dffff0, 0x00000007c2e00000| 99%| O|  |TAMS 0x00000007c2d00000| PB 0x00000007c2d00000| Untracked 
|  46|0x00000007c2e00000, 0x00000007c2effff0, 0x00000007c2f00000| 99%| O|  |TAMS 0x00000007c2e00000| PB 0x00000007c2e00000| Untracked 
|  47|0x00000007c2f00000, 0x00000007c3000000, 0x00000007c3000000|100%| O|  |TAMS 0x00000007c2f00000| PB 0x00000007c2f00000| Untracked 
|  48|0x00000007c3000000, 0x00000007c30ffff0, 0x00000007c3100000| 99%| O|  |TAMS 0x00000007c3000000| PB 0x00000007c3000000| Untracked 
|  49|0x00000007c3100000, 0x00000007c31ffff8, 0x00000007c3200000| 99%| O|  |TAMS 0x00000007c3100000| PB 0x00000007c3100000| Untracked 
|  50|0x00000007c3200000, 0x00000007c3300000, 0x00000007c3300000|100%| O|  |TAMS 0x00000007c3200000| PB 0x00000007c3200000| Untracked 
|  51|0x00000007c3300000, 0x00000007c3400000, 0x00000007c3400000|100%| O|  |TAMS 0x00000007c3300000| PB 0x00000007c3300000| Untracked 
|  52|0x00000007c3400000, 0x00000007c3500000, 0x00000007c3500000|100%| O|  |TAMS 0x00000007c3400000| PB 0x00000007c3400000| Untracked 
|  53|0x00000007c3500000, 0x00000007c3600000, 0x00000007c3600000|100%| O|  |TAMS 0x00000007c3500000| PB 0x00000007c3500000| Untracked 
|  54|0x00000007c3600000, 0x00000007c3700000, 0x00000007c3700000|100%| O|  |TAMS 0x00000007c3600000| PB 0x00000007c3600000| Untracked 
|  55|0x00000007c3700000, 0x00000007c37ffff8, 0x00000007c3800000| 99%| O|  |TAMS 0x00000007c3700000| PB 0x00000007c3700000| Untracked 
|  56|0x00000007c3800000, 0x00000007c3900000, 0x00000007c3900000|100%| O|  |TAMS 0x00000007c3800000| PB 0x00000007c3800000| Untracked 
|  57|0x00000007c3900000, 0x00000007c39ffff8, 0x00000007c3a00000| 99%| O|  |TAMS 0x00000007c3900000| PB 0x00000007c3900000| Untracked 
|  58|0x00000007c3a00000, 0x00000007c3affff0, 0x00000007c3b00000| 99%| O|  |TAMS 0x00000007c3a00000| PB 0x00000007c3a00000| Untracked 
|  59|0x00000007c3b00000, 0x00000007c3bffff8, 0x00000007c3c00000| 99%| O|  |TAMS 0x00000007c3b00000| PB 0x00000007c3b00000| Untracked 
|  60|0x00000007c3c00000, 0x00000007c3cffff8, 0x00000007c3d00000| 99%| O|  |TAMS 0x00000007c3c00000| PB 0x00000007c3c00000| Untracked 
|  61|0x00000007c3d00000, 0x00000007c3dffff0, 0x00000007c3e00000| 99%| O|  |TAMS 0x00000007c3d00000| PB 0x00000007c3d00000| Untracked 
|  62|0x00000007c3e00000, 0x00000007c3f00000, 0x00000007c3f00000|100%| O|  |TAMS 0x00000007c3e00000| PB 0x00000007c3e00000| Untracked 
|  63|0x00000007c3f00000, 0x00000007c4000000, 0x00000007c4000000|100%| O|  |TAMS 0x00000007c3f00000| PB 0x00000007c3f00000| Untracked 
|  64|0x00000007c4000000, 0x00000007c40ffff0, 0x00000007c4100000| 99%| O|  |TAMS 0x00000007c4000000| PB 0x00000007c4000000| Untracked 
|  65|0x00000007c4100000, 0x00000007c41ffff8, 0x00000007c4200000| 99%| O|  |TAMS 0x00000007c4100000| PB 0x00000007c4100000| Untracked 
|  66|0x00000007c4200000, 0x00000007c4300000, 0x00000007c4300000|100%| O|  |TAMS 0x00000007c4200000| PB 0x00000007c4200000| Untracked 
|  67|0x00000007c4300000, 0x00000007c4400000, 0x00000007c4400000|100%| O|  |TAMS 0x00000007c4300000| PB 0x00000007c4300000| Untracked 
|  68|0x00000007c4400000, 0x00000007c44ffff0, 0x00000007c4500000| 99%| O|  |TAMS 0x00000007c4400000| PB 0x00000007c4400000| Untracked 
|  69|0x00000007c4500000, 0x00000007c4600000, 0x00000007c4600000|100%| O|  |TAMS 0x00000007c4500000| PB 0x00000007c4500000| Untracked 
|  70|0x00000007c4600000, 0x00000007c46ffff8, 0x00000007c4700000| 99%| O|  |TAMS 0x00000007c4600000| PB 0x00000007c4600000| Untracked 
|  71|0x00000007c4700000, 0x00000007c4800000, 0x00000007c4800000|100%| O|  |TAMS 0x00000007c4700000| PB 0x00000007c4700000| Untracked 
|  72|0x00000007c4800000, 0x00000007c4900000, 0x00000007c4900000|100%| O|  |TAMS 0x00000007c4800000| PB 0x00000007c4800000| Untracked 
|  73|0x00000007c4900000, 0x00000007c49ffff8, 0x00000007c4a00000| 99%| O|  |TAMS 0x00000007c4900000| PB 0x00000007c4900000| Untracked 
|  74|0x00000007c4a00000, 0x00000007c4affff8, 0x00000007c4b00000| 99%| O|  |TAMS 0x00000007c4a00000| PB 0x00000007c4a00000| Untracked 
|  75|0x00000007c4b00000, 0x00000007c4bcdab0, 0x00000007c4c00000| 80%| O|  |TAMS 0x00000007c4b00000| PB 0x00000007c4b00000| Untracked 
|  76|0x00000007c4c00000, 0x00000007c4c00000, 0x00000007c4d00000|  0%| F|  |TAMS 0x00000007c4c00000| PB 0x00000007c4c00000| Untracked 
|  77|0x00000007c4d00000, 0x00000007c4d4db68, 0x00000007c4e00000| 30%| O|  |TAMS 0x00000007c4d00000| PB 0x00000007c4d00000| Untracked 
|  78|0x00000007c4e00000, 0x00000007c4e2b3f8, 0x00000007c4f00000| 16%| O|  |TAMS 0x00000007c4e00000| PB 0x00000007c4e00000| Untracked 
|  79|0x00000007c4f00000, 0x00000007c4f00000, 0x00000007c5000000|  0%| F|  |TAMS 0x00000007c4f00000| PB 0x00000007c4f00000| Untracked 
|  80|0x00000007c5000000, 0x00000007c5000000, 0x00000007c5100000|  0%| F|  |TAMS 0x00000007c5000000| PB 0x00000007c5000000| Untracked 
|  81|0x00000007c5100000, 0x00000007c5100000, 0x00000007c5200000|  0%| F|  |TAMS 0x00000007c5100000| PB 0x00000007c5100000| Untracked 
|  82|0x00000007c5200000, 0x00000007c5200000, 0x00000007c5300000|  0%| F|  |TAMS 0x00000007c5200000| PB 0x00000007c5200000| Untracked 
|  83|0x00000007c5300000, 0x00000007c5300000, 0x00000007c5400000|  0%| F|  |TAMS 0x00000007c5300000| PB 0x00000007c5300000| Untracked 
|  84|0x00000007c5400000, 0x00000007c5400000, 0x00000007c5500000|  0%| F|  |TAMS 0x00000007c5400000| PB 0x00000007c5400000| Untracked 
|  85|0x00000007c5500000, 0x00000007c5500000, 0x00000007c5600000|  0%| F|  |TAMS 0x00000007c5500000| PB 0x00000007c5500000| Untracked 
|  86|0x00000007c5600000, 0x00000007c5600000, 0x00000007c5700000|  0%| F|  |TAMS 0x00000007c5600000| PB 0x00000007c5600000| Untracked 
|  87|0x00000007c5700000, 0x00000007c5700000, 0x00000007c5800000|  0%| F|  |TAMS 0x00000007c5700000| PB 0x00000007c5700000| Untracked 
|  88|0x00000007c5800000, 0x00000007c5800000, 0x00000007c5900000|  0%| F|  |TAMS 0x00000007c5800000| PB 0x00000007c5800000| Untracked 
|  89|0x00000007c5900000, 0x00000007c5900000, 0x00000007c5a00000|  0%| F|  |TAMS 0x00000007c5900000| PB 0x00000007c5900000| Untracked 
|  90|0x00000007c5a00000, 0x00000007c5a00000, 0x00000007c5b00000|  0%| F|  |TAMS 0x00000007c5a00000| PB 0x00000007c5a00000| Untracked 
|  91|0x00000007c5b00000, 0x00000007c5b00000, 0x00000007c5c00000|  0%| F|  |TAMS 0x00000007c5b00000| PB 0x00000007c5b00000| Untracked 
|  92|0x00000007c5c00000, 0x00000007c5c00000, 0x00000007c5d00000|  0%| F|  |TAMS 0x00000007c5c00000| PB 0x00000007c5c00000| Untracked 
|  93|0x00000007c5d00000, 0x00000007c5d00000, 0x00000007c5e00000|  0%| F|  |TAMS 0x00000007c5d00000| PB 0x00000007c5d00000| Untracked 
|  94|0x00000007c5e00000, 0x00000007c5e00000, 0x00000007c5f00000|  0%| F|  |TAMS 0x00000007c5e00000| PB 0x00000007c5e00000| Untracked 
|  95|0x00000007c5f00000, 0x00000007c5f00000, 0x00000007c6000000|  0%| F|  |TAMS 0x00000007c5f00000| PB 0x00000007c5f00000| Untracked 
|  96|0x00000007c6000000, 0x00000007c6000000, 0x00000007c6100000|  0%| F|  |TAMS 0x00000007c6000000| PB 0x00000007c6000000| Untracked 
|  97|0x00000007c6100000, 0x00000007c6100000, 0x00000007c6200000|  0%| F|  |TAMS 0x00000007c6100000| PB 0x00000007c6100000| Untracked 
|  98|0x00000007c6200000, 0x00000007c6200000, 0x00000007c6300000|  0%| F|  |TAMS 0x00000007c6200000| PB 0x00000007c6200000| Untracked 
|  99|0x00000007c6300000, 0x00000007c6300000, 0x00000007c6400000|  0%| F|  |TAMS 0x00000007c6300000| PB 0x00000007c6300000| Untracked 
| 100|0x00000007c6400000, 0x00000007c6400000, 0x00000007c6500000|  0%| F|  |TAMS 0x00000007c6400000| PB 0x00000007c6400000| Untracked 
| 101|0x00000007c6500000, 0x00000007c6500000, 0x00000007c6600000|  0%| F|  |TAMS 0x00000007c6500000| PB 0x00000007c6500000| Untracked 
| 102|0x00000007c6600000, 0x00000007c6600000, 0x00000007c6700000|  0%| F|  |TAMS 0x00000007c6600000| PB 0x00000007c6600000| Untracked 
| 103|0x00000007c6700000, 0x00000007c6700000, 0x00000007c6800000|  0%| F|  |TAMS 0x00000007c6700000| PB 0x00000007c6700000| Untracked 
| 104|0x00000007c6800000, 0x00000007c6800000, 0x00000007c6900000|  0%| F|  |TAMS 0x00000007c6800000| PB 0x00000007c6800000| Untracked 
| 105|0x00000007c6900000, 0x00000007c6900000, 0x00000007c6a00000|  0%| F|  |TAMS 0x00000007c6900000| PB 0x00000007c6900000| Untracked 
| 106|0x00000007c6a00000, 0x00000007c6a00000, 0x00000007c6b00000|  0%| F|  |TAMS 0x00000007c6a00000| PB 0x00000007c6a00000| Untracked 
| 107|0x00000007c6b00000, 0x00000007c6b00000, 0x00000007c6c00000|  0%| F|  |TAMS 0x00000007c6b00000| PB 0x00000007c6b00000| Untracked 
| 108|0x00000007c6c00000, 0x00000007c6c00000, 0x00000007c6d00000|  0%| F|  |TAMS 0x00000007c6c00000| PB 0x00000007c6c00000| Untracked 
| 109|0x00000007c6d00000, 0x00000007c6d00000, 0x00000007c6e00000|  0%| F|  |TAMS 0x00000007c6d00000| PB 0x00000007c6d00000| Untracked 
| 110|0x00000007c6e00000, 0x00000007c6e00000, 0x00000007c6f00000|  0%| F|  |TAMS 0x00000007c6e00000| PB 0x00000007c6e00000| Untracked 
| 111|0x00000007c6f00000, 0x00000007c6f00000, 0x00000007c7000000|  0%| F|  |TAMS 0x00000007c6f00000| PB 0x00000007c6f00000| Untracked 
| 112|0x00000007c7000000, 0x00000007c7000000, 0x00000007c7100000|  0%| F|  |TAMS 0x00000007c7000000| PB 0x00000007c7000000| Untracked 
| 113|0x00000007c7100000, 0x00000007c7100000, 0x00000007c7200000|  0%| F|  |TAMS 0x00000007c7100000| PB 0x00000007c7100000| Untracked 
| 114|0x00000007c7200000, 0x00000007c7200000, 0x00000007c7300000|  0%| F|  |TAMS 0x00000007c7200000| PB 0x00000007c7200000| Untracked 
| 115|0x00000007c7300000, 0x00000007c7300000, 0x00000007c7400000|  0%| F|  |TAMS 0x00000007c7300000| PB 0x00000007c7300000| Untracked 
| 116|0x00000007c7400000, 0x00000007c7400000, 0x00000007c7500000|  0%| F|  |TAMS 0x00000007c7400000| PB 0x00000007c7400000| Untracked 
| 117|0x00000007c7500000, 0x00000007c7500000, 0x00000007c7600000|  0%| F|  |TAMS 0x00000007c7500000| PB 0x00000007c7500000| Untracked 
| 118|0x00000007c7600000, 0x00000007c7600000, 0x00000007c7700000|  0%| F|  |TAMS 0x00000007c7600000| PB 0x00000007c7600000| Untracked 
| 119|0x00000007c7700000, 0x00000007c7700000, 0x00000007c7800000|  0%| F|  |TAMS 0x00000007c7700000| PB 0x00000007c7700000| Untracked 
| 120|0x00000007c7800000, 0x00000007c7800000, 0x00000007c7900000|  0%| F|  |TAMS 0x00000007c7800000| PB 0x00000007c7800000| Untracked 
| 121|0x00000007c7900000, 0x00000007c7900000, 0x00000007c7a00000|  0%| F|  |TAMS 0x00000007c7900000| PB 0x00000007c7900000| Untracked 
| 122|0x00000007c7a00000, 0x00000007c7a00000, 0x00000007c7b00000|  0%| F|  |TAMS 0x00000007c7a00000| PB 0x00000007c7a00000| Untracked 
| 123|0x00000007c7b00000, 0x00000007c7b00000, 0x00000007c7c00000|  0%| F|  |TAMS 0x00000007c7b00000| PB 0x00000007c7b00000| Untracked 
| 124|0x00000007c7c00000, 0x00000007c7c00000, 0x00000007c7d00000|  0%| F|  |TAMS 0x00000007c7c00000| PB 0x00000007c7c00000| Untracked 
| 125|0x00000007c7d00000, 0x00000007c7d00000, 0x00000007c7e00000|  0%| F|  |TAMS 0x00000007c7d00000| PB 0x00000007c7d00000| Untracked 
| 126|0x00000007c7e00000, 0x00000007c7e00000, 0x00000007c7f00000|  0%| F|  |TAMS 0x00000007c7e00000| PB 0x00000007c7e00000| Untracked 
| 127|0x00000007c7f00000, 0x00000007c7f00000, 0x00000007c8000000|  0%| F|  |TAMS 0x00000007c7f00000| PB 0x00000007c7f00000| Untracked 
| 128|0x00000007c8000000, 0x00000007c8000000, 0x00000007c8100000|  0%| F|  |TAMS 0x00000007c8000000| PB 0x00000007c8000000| Untracked 
| 129|0x00000007c8100000, 0x00000007c8100000, 0x00000007c8200000|  0%| F|  |TAMS 0x00000007c8100000| PB 0x00000007c8100000| Untracked 
| 130|0x00000007c8200000, 0x00000007c8200000, 0x00000007c8300000|  0%| F|  |TAMS 0x00000007c8200000| PB 0x00000007c8200000| Untracked 
| 131|0x00000007c8300000, 0x00000007c8300000, 0x00000007c8400000|  0%| F|  |TAMS 0x00000007c8300000| PB 0x00000007c8300000| Untracked 
| 132|0x00000007c8400000, 0x00000007c8400000, 0x00000007c8500000|  0%| F|  |TAMS 0x00000007c8400000| PB 0x00000007c8400000| Untracked 
| 133|0x00000007c8500000, 0x00000007c8500000, 0x00000007c8600000|  0%| F|  |TAMS 0x00000007c8500000| PB 0x00000007c8500000| Untracked 
| 134|0x00000007c8600000, 0x00000007c8600000, 0x00000007c8700000|  0%| F|  |TAMS 0x00000007c8600000| PB 0x00000007c8600000| Untracked 
| 135|0x00000007c8700000, 0x00000007c8700000, 0x00000007c8800000|  0%| F|  |TAMS 0x00000007c8700000| PB 0x00000007c8700000| Untracked 
| 136|0x00000007c8800000, 0x00000007c8800000, 0x00000007c8900000|  0%| F|  |TAMS 0x00000007c8800000| PB 0x00000007c8800000| Untracked 
| 137|0x00000007c8900000, 0x00000007c8900000, 0x00000007c8a00000|  0%| F|  |TAMS 0x00000007c8900000| PB 0x00000007c8900000| Untracked 
| 138|0x00000007c8a00000, 0x00000007c8a00000, 0x00000007c8b00000|  0%| F|  |TAMS 0x00000007c8a00000| PB 0x00000007c8a00000| Untracked 
| 139|0x00000007c8b00000, 0x00000007c8b00000, 0x00000007c8c00000|  0%| F|  |TAMS 0x00000007c8b00000| PB 0x00000007c8b00000| Untracked 
| 140|0x00000007c8c00000, 0x00000007c8c00000, 0x00000007c8d00000|  0%| F|  |TAMS 0x00000007c8c00000| PB 0x00000007c8c00000| Untracked 
| 141|0x00000007c8d00000, 0x00000007c8d00000, 0x00000007c8e00000|  0%| F|  |TAMS 0x00000007c8d00000| PB 0x00000007c8d00000| Untracked 
| 142|0x00000007c8e00000, 0x00000007c8e00000, 0x00000007c8f00000|  0%| F|  |TAMS 0x00000007c8e00000| PB 0x00000007c8e00000| Untracked 
| 143|0x00000007c8f00000, 0x00000007c8f00000, 0x00000007c9000000|  0%| F|  |TAMS 0x00000007c8f00000| PB 0x00000007c8f00000| Untracked 
| 144|0x00000007c9000000, 0x00000007c9000000, 0x00000007c9100000|  0%| F|  |TAMS 0x00000007c9000000| PB 0x00000007c9000000| Untracked 
| 145|0x00000007c9100000, 0x00000007c9100000, 0x00000007c9200000|  0%| F|  |TAMS 0x00000007c9100000| PB 0x00000007c9100000| Untracked 
| 146|0x00000007c9200000, 0x00000007c9200000, 0x00000007c9300000|  0%| F|  |TAMS 0x00000007c9200000| PB 0x00000007c9200000| Untracked 
| 147|0x00000007c9300000, 0x00000007c9300000, 0x00000007c9400000|  0%| F|  |TAMS 0x00000007c9300000| PB 0x00000007c9300000| Untracked 
| 148|0x00000007c9400000, 0x00000007c9400000, 0x00000007c9500000|  0%| F|  |TAMS 0x00000007c9400000| PB 0x00000007c9400000| Untracked 
| 149|0x00000007c9500000, 0x00000007c9500000, 0x00000007c9600000|  0%| F|  |TAMS 0x00000007c9500000| PB 0x00000007c9500000| Untracked 
| 150|0x00000007c9600000, 0x00000007c9600000, 0x00000007c9700000|  0%| F|  |TAMS 0x00000007c9600000| PB 0x00000007c9600000| Untracked 
| 151|0x00000007c9700000, 0x00000007c9700000, 0x00000007c9800000|  0%| F|  |TAMS 0x00000007c9700000| PB 0x00000007c9700000| Untracked 
| 152|0x00000007c9800000, 0x00000007c9800000, 0x00000007c9900000|  0%| F|  |TAMS 0x00000007c9800000| PB 0x00000007c9800000| Untracked 
| 153|0x00000007c9900000, 0x00000007c9900000, 0x00000007c9a00000|  0%| F|  |TAMS 0x00000007c9900000| PB 0x00000007c9900000| Untracked 
| 154|0x00000007c9a00000, 0x00000007c9a00000, 0x00000007c9b00000|  0%| F|  |TAMS 0x00000007c9a00000| PB 0x00000007c9a00000| Untracked 
| 155|0x00000007c9b00000, 0x00000007c9b00000, 0x00000007c9c00000|  0%| F|  |TAMS 0x00000007c9b00000| PB 0x00000007c9b00000| Untracked 
| 156|0x00000007c9c00000, 0x00000007c9c00000, 0x00000007c9d00000|  0%| F|  |TAMS 0x00000007c9c00000| PB 0x00000007c9c00000| Untracked 
| 157|0x00000007c9d00000, 0x00000007c9d00000, 0x00000007c9e00000|  0%| F|  |TAMS 0x00000007c9d00000| PB 0x00000007c9d00000| Untracked 
| 158|0x00000007c9e00000, 0x00000007c9e00000, 0x00000007c9f00000|  0%| F|  |TAMS 0x00000007c9e00000| PB 0x00000007c9e00000| Untracked 
| 159|0x00000007c9f00000, 0x00000007c9f00000, 0x00000007ca000000|  0%| F|  |TAMS 0x00000007c9f00000| PB 0x00000007c9f00000| Untracked 
| 160|0x00000007ca000000, 0x00000007ca000000, 0x00000007ca100000|  0%| F|  |TAMS 0x00000007ca000000| PB 0x00000007ca000000| Untracked 
| 161|0x00000007ca100000, 0x00000007ca100000, 0x00000007ca200000|  0%| F|  |TAMS 0x00000007ca100000| PB 0x00000007ca100000| Untracked 
| 162|0x00000007ca200000, 0x00000007ca200000, 0x00000007ca300000|  0%| F|  |TAMS 0x00000007ca200000| PB 0x00000007ca200000| Untracked 
| 163|0x00000007ca300000, 0x00000007ca300000, 0x00000007ca400000|  0%| F|  |TAMS 0x00000007ca300000| PB 0x00000007ca300000| Untracked 
| 164|0x00000007ca400000, 0x00000007ca400000, 0x00000007ca500000|  0%| F|  |TAMS 0x00000007ca400000| PB 0x00000007ca400000| Untracked 
| 165|0x00000007ca500000, 0x00000007ca500000, 0x00000007ca600000|  0%| F|  |TAMS 0x00000007ca500000| PB 0x00000007ca500000| Untracked 
| 166|0x00000007ca600000, 0x00000007ca600000, 0x00000007ca700000|  0%| F|  |TAMS 0x00000007ca600000| PB 0x00000007ca600000| Untracked 
| 167|0x00000007ca700000, 0x00000007ca700000, 0x00000007ca800000|  0%| F|  |TAMS 0x00000007ca700000| PB 0x00000007ca700000| Untracked 
| 168|0x00000007ca800000, 0x00000007ca800000, 0x00000007ca900000|  0%| F|  |TAMS 0x00000007ca800000| PB 0x00000007ca800000| Untracked 
| 169|0x00000007ca900000, 0x00000007ca900000, 0x00000007caa00000|  0%| F|  |TAMS 0x00000007ca900000| PB 0x00000007ca900000| Untracked 
| 170|0x00000007caa00000, 0x00000007caa00000, 0x00000007cab00000|  0%| F|  |TAMS 0x00000007caa00000| PB 0x00000007caa00000| Untracked 
| 171|0x00000007cab00000, 0x00000007cab00000, 0x00000007cac00000|  0%| F|  |TAMS 0x00000007cab00000| PB 0x00000007cab00000| Untracked 
| 172|0x00000007cac00000, 0x00000007cac00000, 0x00000007cad00000|  0%| F|  |TAMS 0x00000007cac00000| PB 0x00000007cac00000| Untracked 
| 173|0x00000007cad00000, 0x00000007cad00000, 0x00000007cae00000|  0%| F|  |TAMS 0x00000007cad00000| PB 0x00000007cad00000| Untracked 
| 174|0x00000007cae00000, 0x00000007cae00000, 0x00000007caf00000|  0%| F|  |TAMS 0x00000007cae00000| PB 0x00000007cae00000| Untracked 
| 175|0x00000007caf00000, 0x00000007caf00000, 0x00000007cb000000|  0%| F|  |TAMS 0x00000007caf00000| PB 0x00000007caf00000| Untracked 
| 176|0x00000007cb000000, 0x00000007cb000000, 0x00000007cb100000|  0%| F|  |TAMS 0x00000007cb000000| PB 0x00000007cb000000| Untracked 
| 177|0x00000007cb100000, 0x00000007cb100000, 0x00000007cb200000|  0%| F|  |TAMS 0x00000007cb100000| PB 0x00000007cb100000| Untracked 
| 178|0x00000007cb200000, 0x00000007cb200000, 0x00000007cb300000|  0%| F|  |TAMS 0x00000007cb200000| PB 0x00000007cb200000| Untracked 
| 179|0x00000007cb300000, 0x00000007cb300000, 0x00000007cb400000|  0%| F|  |TAMS 0x00000007cb300000| PB 0x00000007cb300000| Untracked 
| 180|0x00000007cb400000, 0x00000007cb400000, 0x00000007cb500000|  0%| F|  |TAMS 0x00000007cb400000| PB 0x00000007cb400000| Untracked 
| 181|0x00000007cb500000, 0x00000007cb500000, 0x00000007cb600000|  0%| F|  |TAMS 0x00000007cb500000| PB 0x00000007cb500000| Untracked 
| 182|0x00000007cb600000, 0x00000007cb600000, 0x00000007cb700000|  0%| F|  |TAMS 0x00000007cb600000| PB 0x00000007cb600000| Untracked 
| 183|0x00000007cb700000, 0x00000007cb700000, 0x00000007cb800000|  0%| F|  |TAMS 0x00000007cb700000| PB 0x00000007cb700000| Untracked 
| 184|0x00000007cb800000, 0x00000007cb800000, 0x00000007cb900000|  0%| F|  |TAMS 0x00000007cb800000| PB 0x00000007cb800000| Untracked 
| 185|0x00000007cb900000, 0x00000007cb900000, 0x00000007cba00000|  0%| F|  |TAMS 0x00000007cb900000| PB 0x00000007cb900000| Untracked 
| 186|0x00000007cba00000, 0x00000007cba00000, 0x00000007cbb00000|  0%| F|  |TAMS 0x00000007cba00000| PB 0x00000007cba00000| Untracked 
| 187|0x00000007cbb00000, 0x00000007cbb00000, 0x00000007cbc00000|  0%| F|  |TAMS 0x00000007cbb00000| PB 0x00000007cbb00000| Untracked 
| 188|0x00000007cbc00000, 0x00000007cbc00000, 0x00000007cbd00000|  0%| F|  |TAMS 0x00000007cbc00000| PB 0x00000007cbc00000| Untracked 
| 189|0x00000007cbd00000, 0x00000007cbd00000, 0x00000007cbe00000|  0%| F|  |TAMS 0x00000007cbd00000| PB 0x00000007cbd00000| Untracked 
| 190|0x00000007cbe00000, 0x00000007cbe00000, 0x00000007cbf00000|  0%| F|  |TAMS 0x00000007cbe00000| PB 0x00000007cbe00000| Untracked 
| 191|0x00000007cbf00000, 0x00000007cbf00000, 0x00000007cc000000|  0%| F|  |TAMS 0x00000007cbf00000| PB 0x00000007cbf00000| Untracked 
| 192|0x00000007cc000000, 0x00000007cc000000, 0x00000007cc100000|  0%| F|  |TAMS 0x00000007cc000000| PB 0x00000007cc000000| Untracked 
| 193|0x00000007cc100000, 0x00000007cc100000, 0x00000007cc200000|  0%| F|  |TAMS 0x00000007cc100000| PB 0x00000007cc100000| Untracked 
| 194|0x00000007cc200000, 0x00000007cc200000, 0x00000007cc300000|  0%| F|  |TAMS 0x00000007cc200000| PB 0x00000007cc200000| Untracked 
| 195|0x00000007cc300000, 0x00000007cc300000, 0x00000007cc400000|  0%| F|  |TAMS 0x00000007cc300000| PB 0x00000007cc300000| Untracked 
| 196|0x00000007cc400000, 0x00000007cc400000, 0x00000007cc500000|  0%| F|  |TAMS 0x00000007cc400000| PB 0x00000007cc400000| Untracked 
| 197|0x00000007cc500000, 0x00000007cc580800, 0x00000007cc600000| 50%| E|  |TAMS 0x00000007cc500000| PB 0x00000007cc500000| Complete 
| 198|0x00000007cc600000, 0x00000007cc700000, 0x00000007cc700000|100%| E|CS|TAMS 0x00000007cc600000| PB 0x00000007cc600000| Complete 
| 199|0x00000007cc700000, 0x00000007cc800000, 0x00000007cc800000|100%| E|CS|TAMS 0x00000007cc700000| PB 0x00000007cc700000| Complete 
| 200|0x00000007cc800000, 0x00000007cc900000, 0x00000007cc900000|100%| E|CS|TAMS 0x00000007cc800000| PB 0x00000007cc800000| Complete 
| 201|0x00000007cc900000, 0x00000007cca00000, 0x00000007cca00000|100%| E|CS|TAMS 0x00000007cc900000| PB 0x00000007cc900000| Complete 
| 202|0x00000007cca00000, 0x00000007ccb00000, 0x00000007ccb00000|100%| E|CS|TAMS 0x00000007cca00000| PB 0x00000007cca00000| Complete 
| 203|0x00000007ccb00000, 0x00000007ccc00000, 0x00000007ccc00000|100%| E|CS|TAMS 0x00000007ccb00000| PB 0x00000007ccb00000| Complete 
| 204|0x00000007ccc00000, 0x00000007ccd00000, 0x00000007ccd00000|100%| E|CS|TAMS 0x00000007ccc00000| PB 0x00000007ccc00000| Complete 
| 205|0x00000007ccd00000, 0x00000007cce00000, 0x00000007cce00000|100%| E|CS|TAMS 0x00000007ccd00000| PB 0x00000007ccd00000| Complete 
| 206|0x00000007cce00000, 0x00000007ccf00000, 0x00000007ccf00000|100%| E|CS|TAMS 0x00000007cce00000| PB 0x00000007cce00000| Complete 
| 207|0x00000007ccf00000, 0x00000007cd000000, 0x00000007cd000000|100%| E|CS|TAMS 0x00000007ccf00000| PB 0x00000007ccf00000| Complete 
| 208|0x00000007cd000000, 0x00000007cd100000, 0x00000007cd100000|100%| E|CS|TAMS 0x00000007cd000000| PB 0x00000007cd000000| Complete 
| 209|0x00000007cd100000, 0x00000007cd200000, 0x00000007cd200000|100%| E|CS|TAMS 0x00000007cd100000| PB 0x00000007cd100000| Complete 
| 210|0x00000007cd200000, 0x00000007cd300000, 0x00000007cd300000|100%| E|CS|TAMS 0x00000007cd200000| PB 0x00000007cd200000| Complete 
| 211|0x00000007cd300000, 0x00000007cd400000, 0x00000007cd400000|100%| E|CS|TAMS 0x00000007cd300000| PB 0x00000007cd300000| Complete 
| 212|0x00000007cd400000, 0x00000007cd500000, 0x00000007cd500000|100%| E|CS|TAMS 0x00000007cd400000| PB 0x00000007cd400000| Complete 
| 213|0x00000007cd500000, 0x00000007cd600000, 0x00000007cd600000|100%| E|CS|TAMS 0x00000007cd500000| PB 0x00000007cd500000| Complete 
| 214|0x00000007cd600000, 0x00000007cd700000, 0x00000007cd700000|100%| E|CS|TAMS 0x00000007cd600000| PB 0x00000007cd600000| Complete 
| 215|0x00000007cd700000, 0x00000007cd800000, 0x00000007cd800000|100%| E|CS|TAMS 0x00000007cd700000| PB 0x00000007cd700000| Complete 
| 216|0x00000007cd800000, 0x00000007cd900000, 0x00000007cd900000|100%| E|CS|TAMS 0x00000007cd800000| PB 0x00000007cd800000| Complete 
| 217|0x00000007cd900000, 0x00000007cda00000, 0x00000007cda00000|100%| E|CS|TAMS 0x00000007cd900000| PB 0x00000007cd900000| Complete 
| 218|0x00000007cda00000, 0x00000007cdb00000, 0x00000007cdb00000|100%| E|CS|TAMS 0x00000007cda00000| PB 0x00000007cda00000| Complete 
| 219|0x00000007cdb00000, 0x00000007cdc00000, 0x00000007cdc00000|100%| E|CS|TAMS 0x00000007cdb00000| PB 0x00000007cdb00000| Complete 
| 220|0x00000007cdc00000, 0x00000007cdd00000, 0x00000007cdd00000|100%| E|CS|TAMS 0x00000007cdc00000| PB 0x00000007cdc00000| Complete 
| 221|0x00000007cdd00000, 0x00000007cde00000, 0x00000007cde00000|100%| E|CS|TAMS 0x00000007cdd00000| PB 0x00000007cdd00000| Complete 
| 222|0x00000007cde00000, 0x00000007cdf00000, 0x00000007cdf00000|100%| E|CS|TAMS 0x00000007cde00000| PB 0x00000007cde00000| Complete 
| 223|0x00000007cdf00000, 0x00000007ce000000, 0x00000007ce000000|100%| E|CS|TAMS 0x00000007cdf00000| PB 0x00000007cdf00000| Complete 
| 224|0x00000007ce000000, 0x00000007ce100000, 0x00000007ce100000|100%| E|CS|TAMS 0x00000007ce000000| PB 0x00000007ce000000| Complete 
| 225|0x00000007ce100000, 0x00000007ce200000, 0x00000007ce200000|100%| E|CS|TAMS 0x00000007ce100000| PB 0x00000007ce100000| Complete 
| 226|0x00000007ce200000, 0x00000007ce300000, 0x00000007ce300000|100%| E|CS|TAMS 0x00000007ce200000| PB 0x00000007ce200000| Complete 
| 227|0x00000007ce300000, 0x00000007ce400000, 0x00000007ce400000|100%| E|CS|TAMS 0x00000007ce300000| PB 0x00000007ce300000| Complete 
| 228|0x00000007ce400000, 0x00000007ce500000, 0x00000007ce500000|100%| E|CS|TAMS 0x00000007ce400000| PB 0x00000007ce400000| Complete 
| 229|0x00000007ce500000, 0x00000007ce600000, 0x00000007ce600000|100%| E|CS|TAMS 0x00000007ce500000| PB 0x00000007ce500000| Complete 
| 230|0x00000007ce600000, 0x00000007ce700000, 0x00000007ce700000|100%| E|CS|TAMS 0x00000007ce600000| PB 0x00000007ce600000| Complete 
| 231|0x00000007ce700000, 0x00000007ce800000, 0x00000007ce800000|100%| E|CS|TAMS 0x00000007ce700000| PB 0x00000007ce700000| Complete 
| 232|0x00000007ce800000, 0x00000007ce900000, 0x00000007ce900000|100%| E|CS|TAMS 0x00000007ce800000| PB 0x00000007ce800000| Complete 
| 233|0x00000007ce900000, 0x00000007cea00000, 0x00000007cea00000|100%| E|CS|TAMS 0x00000007ce900000| PB 0x00000007ce900000| Complete 
| 234|0x00000007cea00000, 0x00000007ceb00000, 0x00000007ceb00000|100%| E|CS|TAMS 0x00000007cea00000| PB 0x00000007cea00000| Complete 
| 235|0x00000007ceb00000, 0x00000007cec00000, 0x00000007cec00000|100%| E|CS|TAMS 0x00000007ceb00000| PB 0x00000007ceb00000| Complete 
|1022|0x00000007ffe00000, 0x00000007fff00000, 0x00000007fff00000|100%| O|  |TAMS 0x00000007ffe00000| PB 0x00000007ffe00000| Untracked 

Card table byte_map: [0x0000000116224000,0x0000000116424000] _byte_map_base: 0x0000000112424000

Marking Bits: (CMBitMap*) 0x000000010fc16a10
 Bits: [0x0000000121910000, 0x0000000122910000)

Polling page: 0x000000010331c000

Metaspace:

Usage:
  Non-class:      8.39 MB used.
      Class:      1.45 MB used.
       Both:      9.84 MB used.

Virtual space:
  Non-class space:       64.00 MB reserved,       8.50 MB ( 13%) committed,  1 nodes.
      Class space:        1.00 GB reserved,       1.56 MB ( <1%) committed,  1 nodes.
             Both:        1.06 GB reserved,      10.06 MB ( <1%) committed. 

Chunk freelists:
   Non-Class:  6.09 MB
       Class:  14.47 MB
        Both:  20.56 MB

MaxMetaspaceSize: unlimited
CompressedClassSpaceSize: 1.00 GB
Initial GC threshold: 21.00 MB
Current GC threshold: 21.00 MB
CDS: on
 - commit_granule_bytes: 65536.
 - commit_granule_words: 8192.
 - virtual_space_node_default_size: 8388608.
 - enlarge_chunks_in_place: 1.
 - use_allocation_guard: 0.


Internal statistics:

num_allocs_failed_limit: 0.
num_arena_births: 138.
num_arena_deaths: 28.
num_vsnodes_births: 2.
num_vsnodes_deaths: 0.
num_space_committed: 161.
num_space_uncommitted: 0.
num_chunks_returned_to_freelist: 28.
num_chunks_taken_from_freelist: 423.
num_chunk_merges: 4.
num_chunk_splits: 320.
num_chunks_enlarged: 265.
num_inconsistent_stats: 0.

CodeHeap 'non-profiled nmethods': size=120032Kb used=1077Kb max_used=2117Kb free=118954Kb
 bounds [0x0000000307ac8000, 0x0000000307d38000, 0x000000030f000000]
CodeHeap 'profiled nmethods': size=120016Kb used=272Kb max_used=5356Kb free=119743Kb
 bounds [0x0000000300000000, 0x0000000300540000, 0x0000000307534000]
CodeHeap 'non-nmethods': size=5712Kb used=1293Kb max_used=1393Kb free=4419Kb
 bounds [0x0000000307534000, 0x00000003077a4000, 0x0000000307ac8000]
 total_blobs=983 nmethods=541 adapters=349
 compilation: enabled
              stopped_count=0, restarted_count=0
 full_count=0

Compilation events (20 events):
Event: 3829.903 Thread 0x000000010fca8000 4227       3       org.openkoreantext.processor.util.KoreanSubstantive$$$Lambda/0x000000700118c1f0::apply (16 bytes)
Event: 3829.903 Thread 0x000000010fca8000 nmethod 4227 0x000000030010f210 code [0x000000030010f400, 0x000000030010f930]
Event: 3849.203 Thread 0x0000000137d1c400 4228       4       java.util.concurrent.locks.ReentrantLock::unlock (10 bytes)
Event: 3849.205 Thread 0x0000000137d1c400 nmethod 4228 0x0000000307af7710 code [0x0000000307af7900, 0x0000000307af7be8]
Event: 3849.454 Thread 0x000000010fca8000 4229       3       java.util.concurrent.locks.ReentrantLock::lock (8 bytes)
Event: 3849.454 Thread 0x000000010fca8000 nmethod 4229 0x000000030052be10 code [0x000000030052c000, 0x000000030052c360]
Event: 3849.454 Thread 0x000000010fca8000 4230       3       java.util.concurrent.locks.ReentrantLock$Sync::lock (13 bytes)
Event: 3849.454 Thread 0x000000010fca8000 nmethod 4230 0x000000030002fd90 code [0x000000030002ff40, 0x0000000300030230]
Event: 3861.927 Thread 0x000000010fca8000 4231   !   3       java.lang.ref.ReferenceQueue::remove (61 bytes)
Event: 3861.928 Thread 0x000000010fca8000 nmethod 4231 0x00000003004fc990 code [0x00000003004fcc80, 0x00000003004fd9e0]
Event: 5122.726 Thread 0x0000000137d1c400 4232   !   4       java.lang.ref.ReferenceQueue::remove (61 bytes)
Event: 5122.728 Thread 0x0000000137d1c400 nmethod 4232 0x0000000307ae3910 code [0x0000000307ae3b80, 0x0000000307ae4258]
Event: 15343.235 Thread 0x000000010fca8000 4233 % !   3       org.jpype.ref.JPypeReferenceQueue$Worker::run @ 0 (120 bytes)
Event: 15343.250 Thread 0x000000010fca8000 nmethod 4233% 0x00000003004fa990 code [0x00000003004fac00, 0x00000003004fb4c8]
Event: 15604.297 Thread 0x000000010fca8000 4234   !   3       org.jpype.ref.JPypeReferenceQueue$Worker::run (120 bytes)
Event: 15604.298 Thread 0x000000010fca8000 nmethod 4234 0x0000000300063990 code [0x0000000300063c00, 0x0000000300064448]
Event: 25787.446 Thread 0x0000000137d1c400 4235 % !   4       org.jpype.ref.JPypeReferenceQueue$Worker::run @ 0 (120 bytes)
Event: 25787.467 Thread 0x0000000137d1c400 nmethod 4235% 0x0000000307ad9c90 code [0x0000000307ad9f00, 0x0000000307ada710]
Event: 64092.710 Thread 0x0000000137d1c400 4236       4       jdk.internal.misc.InnocuousThread::eraseThreadLocals (23 bytes)
Event: 64092.846 Thread 0x0000000137d1c400 nmethod 4236 0x0000000307ac9c90 code [0x0000000307ac9e00, 0x0000000307ac9f50]

GC Heap History (20 events):
Event: 1784.246 GC heap before
{Heap before GC invocations=34 (full 11):
 garbage-first heap   total 242688K, used 81150K [0x00000007c0000000, 0x0000000800000000)
  region size 1024K, 3 young (3072K), 1 survivors (1024K)
 Metaspace       used 10080K, committed 10304K, reserved 1114112K
  class space    used 1493K, committed 1600K, reserved 1048576K
}
Event: 1784.285 GC heap after
{Heap after GC invocations=35 (full 12):
 garbage-first heap   total 242688K, used 79011K [0x00000007c0000000, 0x0000000800000000)
  region size 1024K, 0 young (0K), 0 survivors (0K)
 Metaspace       used 10056K, committed 10304K, reserved 1114112K
  class space    used 1486K, committed 1600K, reserved 1048576K
}
Event: 1784.321 GC heap before
{Heap before GC invocations=35 (full 12):
 garbage-first heap   total 242688K, used 81059K [0x00000007c0000000, 0x0000000800000000)
  region size 1024K, 3 young (3072K), 0 survivors (0K)
 Metaspace       used 10056K, committed 10304K, reserved 1114112K
  class space    used 1486K, committed 1600K, reserved 1048576K
}
Event: 1784.348 GC heap after
{Heap after GC invocations=36 (full 13):
 garbage-first heap   total 242688K, used 79029K [0x00000007c0000000, 0x0000000800000000)
  region size 1024K, 0 young (0K), 0 survivors (0K)
 Metaspace       used 10056K, committed 10304K, reserved 1114112K
  class space    used 1486K, committed 1600K, reserved 1048576K
}
Event: 1785.954 GC heap before
{Heap before GC invocations=36 (full 13):
 garbage-first heap   total 242688K, used 198837K [0x00000007c0000000, 0x0000000800000000)
  region size 1024K, 118 young (120832K), 0 survivors (0K)
 Metaspace       used 10057K, committed 10304K, reserved 1114112K
  class space    used 1486K, committed 1600K, reserved 1048576K
}
Event: 1785.990 GC heap after
{Heap after GC invocations=37 (full 14):
 garbage-first heap   total 242688K, used 79014K [0x00000007c0000000, 0x0000000800000000)
  region size 1024K, 0 young (0K), 0 survivors (0K)
 Metaspace       used 10057K, committed 10304K, reserved 1114112K
  class space    used 1486K, committed 1600K, reserved 1048576K
}
Event: 2165.429 GC heap before
{Heap before GC invocations=37 (full 14):
 garbage-first heap   total 242688K, used 224422K [0x00000007c0000000, 0x0000000800000000)
  region size 1024K, 142 young (145408K), 0 survivors (0K)
 Metaspace       used 10061K, committed 10304K, reserved 1114112K
  class space    used 1487K, committed 1600K, reserved 1048576K
}
Event: 2165.430 GC heap after
{Heap after GC invocations=38 (full 14):
 garbage-first heap   total 242688K, used 79679K [0x00000007c0000000, 0x0000000800000000)
  region size 1024K, 1 young (1024K), 1 survivors (1024K)
 Metaspace       used 10061K, committed 10304K, reserved 1114112K
  class space    used 1487K, committed 1600K, reserved 1048576K
}
Event: 2165.488 GC heap before
{Heap before GC invocations=38 (full 14):
 garbage-first heap   total 242688K, used 79679K [0x00000007c0000000, 0x0000000800000000)
  region size 1024K, 2 young (2048K), 1 survivors (1024K)
 Metaspace       used 10061K, committed 10304K, reserved 1114112K
  class space    used 1487K, committed 1600K, reserved 1048576K
}
Event: 2165.592 GC heap after
{Heap after GC invocations=39 (full 15):
 garbage-first heap   total 242688K, used 79526K [0x00000007c0000000, 0x0000000800000000)
  region size 1024K, 0 young (0K), 0 survivors (0K)
 Metaspace       used 10061K, committed 10304K, reserved 1114112K
  class space    used 1487K, committed 1600K, reserved 1048576K
}
Event: 2165.641 GC heap before
{Heap before GC invocations=39 (full 15):
 garbage-first heap   total 242688K, used 87718K [0x00000007c0000000, 0x0000000800000000)
  region size 1024K, 9 young (9216K), 0 survivors (0K)
 Metaspace       used 10061K, committed 10304K, reserved 1114112K
  class space    used 1487K, committed 1600K, reserved 1048576K
}
Event: 2165.672 GC heap after
{Heap after GC invocations=40 (full 16):
 garbage-first heap   total 242688K, used 79535K [0x00000007c0000000, 0x0000000800000000)
  region size 1024K, 0 young (0K), 0 survivors (0K)
 Metaspace       used 10061K, committed 10304K, reserved 1114112K
  class space    used 1487K, committed 1600K, reserved 1048576K
}
Event: 2167.220 GC heap before
{Heap before GC invocations=40 (full 16):
 garbage-first heap   total 242688K, used 104111K [0x00000007c0000000, 0x0000000800000000)
  region size 1024K, 25 young (25600K), 0 survivors (0K)
 Metaspace       used 10062K, committed 10304K, reserved 1114112K
  class space    used 1487K, committed 1600K, reserved 1048576K
}
Event: 2167.248 GC heap after
{Heap after GC invocations=41 (full 17):
 garbage-first heap   total 242688K, used 79524K [0x00000007c0000000, 0x0000000800000000)
  region size 1024K, 0 young (0K), 0 survivors (0K)
 Metaspace       used 10062K, committed 10304K, reserved 1114112K
  class space    used 1487K, committed 1600K, reserved 1048576K
}
Event: 3829.536 GC heap before
{Heap before GC invocations=41 (full 17):
 garbage-first heap   total 242688K, used 224932K [0x00000007c0000000, 0x0000000800000000)
  region size 1024K, 142 young (145408K), 0 survivors (0K)
 Metaspace       used 10074K, committed 10304K, reserved 1114112K
  class space    used 1487K, committed 1600K, reserved 1048576K
}
Event: 3829.538 GC heap after
{Heap after GC invocations=42 (full 17):
 garbage-first heap   total 242688K, used 79651K [0x00000007c0000000, 0x0000000800000000)
  region size 1024K, 1 young (1024K), 1 survivors (1024K)
 Metaspace       used 10074K, committed 10304K, reserved 1114112K
  class space    used 1487K, committed 1600K, reserved 1048576K
}
Event: 3829.669 GC heap before
{Heap before GC invocations=42 (full 17):
 garbage-first heap   total 242688K, used 86819K [0x00000007c0000000, 0x0000000800000000)
  region size 1024K, 9 young (9216K), 1 survivors (1024K)
 Metaspace       used 10074K, committed 10304K, reserved 1114112K
  class space    used 1487K, committed 1600K, reserved 1048576K
}
Event: 3829.727 GC heap after
{Heap after GC invocations=43 (full 18):
 garbage-first heap   total 242688K, used 79027K [0x00000007c0000000, 0x0000000800000000)
  region size 1024K, 0 young (0K), 0 survivors (0K)
 Metaspace       used 10074K, committed 10304K, reserved 1114112K
  class space    used 1487K, committed 1600K, reserved 1048576K
}
Event: 3829.787 GC heap before
{Heap before GC invocations=43 (full 18):
 garbage-first heap   total 242688K, used 79027K [0x00000007c0000000, 0x0000000800000000)
  region size 1024K, 1 young (1024K), 0 survivors (0K)
 Metaspace       used 10074K, committed 10304K, reserved 1114112K
  class space    used 1487K, committed 1600K, reserved 1048576K
}
Event: 3829.826 GC heap after
{Heap after GC invocations=44 (full 19):
 garbage-first heap   total 242688K, used 79017K [0x00000007c0000000, 0x0000000800000000)
  region size 1024K, 0 young (0K), 0 survivors (0K)
 Metaspace       used 10074K, committed 10304K, reserved 1114112K
  class space    used 1487K, committed 1600K, reserved 1048576K
}

Dll operation events (6 events):
Event: 0.018 Loaded shared library /Library/Java/JavaVirtualMachines/jdk-21.jdk/Contents/Home/lib/libjava.dylib
Event: 0.060 Loaded shared library /Library/Java/JavaVirtualMachines/jdk-21.jdk/Contents/Home/lib/libnio.dylib
Event: 0.067 Loaded shared library /Library/Java/JavaVirtualMachines/jdk-21.jdk/Contents/Home/lib/libzip.dylib
Event: 0.090 Loaded shared library /Users/song-giung/code/study/Momentum_Study/.venv/lib/python3.11/site-packages/_jpype.cpython-311-darwin.so
Event: 0.105 Loaded shared library /Library/Java/JavaVirtualMachines/jdk-21.jdk/Contents/Home/lib/libjimage.dylib
Event: 0.441 Loaded shared library /Library/Java/JavaVirtualMachines/jdk-21.jdk/Contents/Home/lib/libverify.dylib

Deoptimization events (20 events):
Event: 1784.176 Thread 0x0000000137d22a00 DEOPT PACKING pc=0x0000000307cb6a00 sp=0x0000000175dbe5f0
Event: 1784.176 Thread 0x0000000137d22a00 DEOPT UNPACKING pc=0x000000030757701c sp=0x0000000175dbe550 mode 2
Event: 1784.348 Thread 0x000000010fbf9a00 Uncommon trap: trap_request=0xffffff76 fr.pc=0x0000000307b46dcc relative=0x000000000000030c
Event: 1784.348 Thread 0x000000010fbf9a00 Uncommon trap: reason=predicate action=maybe_recompile pc=0x0000000307b46dcc method=java.util.regex.Pattern$SliceI.match(Ljava/util/regex/Matcher;ILjava/lang/CharSequence;)Z @ 18 c2
Event: 1784.348 Thread 0x000000010fbf9a00 DEOPT PACKING pc=0x0000000307b46dcc sp=0x000000016d763050
Event: 1784.348 Thread 0x000000010fbf9a00 DEOPT UNPACKING pc=0x000000030757701c sp=0x000000016d762fc0 mode 2
Event: 1784.419 Thread 0x000000010fbf9a00 Uncommon trap: trap_request=0xffffffde fr.pc=0x0000000307c2d3c4 relative=0x0000000000000184
Event: 1784.419 Thread 0x000000010fbf9a00 Uncommon trap: reason=class_check action=maybe_recompile pc=0x0000000307c2d3c4 method=scala.collection.immutable.HashMap$HashTrieMap.get0(Ljava/lang/Object;II)Lscala/Option; @ 28 c2
Event: 1784.419 Thread 0x000000010fbf9a00 DEOPT PACKING pc=0x0000000307c2d3c4 sp=0x000000016d763740
Event: 1784.419 Thread 0x000000010fbf9a00 DEOPT UNPACKING pc=0x000000030757701c sp=0x000000016d7636a0 mode 2
Event: 1785.990 Thread 0x0000000137d22a00 Uncommon trap: trap_request=0xffffff45 fr.pc=0x0000000307cb0b8c relative=0x000000000000008c
Event: 1785.990 Thread 0x0000000137d22a00 Uncommon trap: reason=unstable_if action=reinterpret pc=0x0000000307cb0b8c method=java.util.concurrent.locks.AbstractQueuedSynchronizer$ConditionObject.canReacquire(Ljava/util/concurrent/locks/AbstractQueuedSynchronizer$ConditionNode;)Z @ 10 c2
Event: 1785.990 Thread 0x0000000137d22a00 DEOPT PACKING pc=0x0000000307cb0b8c sp=0x0000000175dbe6b0
Event: 1785.990 Thread 0x0000000137d22a00 DEOPT UNPACKING pc=0x000000030757701c sp=0x0000000175dbe630 mode 2
Event: 3829.826 Thread 0x0000000137d22a00 Uncommon trap: trap_request=0xffffff45 fr.pc=0x0000000307cb4e64 relative=0x0000000000002c24
Event: 3829.826 Thread 0x0000000137d22a00 Uncommon trap: reason=unstable_if action=reinterpret pc=0x0000000307cb4e64 method=java.util.concurrent.locks.ReentrantLock$Sync.lock()V @ 4 c2
Event: 3829.826 Thread 0x0000000137d22a00 DEOPT PACKING pc=0x0000000307cb4e64 sp=0x0000000175dbe860
Event: 3829.826 Thread 0x0000000137d22a00 DEOPT UNPACKING pc=0x000000030757701c sp=0x0000000175dbe780 mode 2
Event: 27878.611 Thread 0x0000000137d22a00 DEOPT PACKING pc=0x00000003004fb2e8 sp=0x0000000175dbe940
Event: 27878.611 Thread 0x0000000137d22a00 DEOPT UNPACKING pc=0x0000000307576e7c sp=0x0000000175dbe600 mode 0

Classes loaded (20 events):
Event: 0.948 Loading class jdk/internal/math/FloatingDecimal$ASCIIToBinaryBuffer
Event: 0.948 Loading class jdk/internal/math/FloatingDecimal$ASCIIToBinaryBuffer done
Event: 0.982 Loading class java/io/SequenceInputStream
Event: 0.982 Loading class java/io/SequenceInputStream done
Event: 0.982 Loading class java/util/zip/GZIPInputStream$1
Event: 0.982 Loading class java/util/zip/GZIPInputStream$1 done
Event: 1.396 Loading class java/lang/SafeVarargs
Event: 1.396 Loading class java/lang/SafeVarargs done
Event: 1.397 Loading class java/util/AbstractList$Itr
Event: 1.398 Loading class java/util/AbstractList$Itr done
Event: 1.398 Loading class java/util/AbstractList$ListItr
Event: 1.398 Loading class java/util/AbstractList$ListItr done
Event: 1.398 Loading class java/util/AbstractList$RandomAccessSubList
Event: 1.398 Loading class java/util/AbstractList$SubList
Event: 1.398 Loading class java/util/AbstractList$SubList done
Event: 1.398 Loading class java/util/AbstractList$RandomAccessSubList done
Event: 1.398 Loading class java/util/ArrayList$ListItr
Event: 1.398 Loading class java/util/ArrayList$ListItr done
Event: 75863.794 Loading class jdk/internal/misc/Signal$1
Event: 75863.807 Loading class jdk/internal/misc/Signal$1 done

Classes unloaded (14 events):
Event: 1784.274 Thread 0x000000011650f180 Unloading class 0x0000007001188000 'java/lang/invoke/LambdaForm$DMH+0x0000007001188000'
Event: 1784.274 Thread 0x000000011650f180 Unloading class 0x0000007001161000 'java/lang/invoke/LambdaForm$MH+0x0000007001161000'
Event: 1784.274 Thread 0x000000011650f180 Unloading class 0x0000007001160400 'java/lang/invoke/LambdaForm$DMH+0x0000007001160400'
Event: 1784.274 Thread 0x000000011650f180 Unloading class 0x0000007001011400 'java/lang/invoke/LambdaForm$MH+0x0000007001011400'
Event: 1784.274 Thread 0x000000011650f180 Unloading class 0x0000007001010800 'java/lang/invoke/LambdaForm$MH+0x0000007001010800'
Event: 1784.274 Thread 0x000000011650f180 Unloading class 0x000000700100bc00 'java/lang/invoke/LambdaForm$MH+0x000000700100bc00'
Event: 1784.274 Thread 0x000000011650f180 Unloading class 0x000000700100b800 'java/lang/invoke/LambdaForm$MH+0x000000700100b800'
Event: 1784.274 Thread 0x000000011650f180 Unloading class 0x000000700100b000 'java/lang/invoke/LambdaForm$MH+0x000000700100b000'
Event: 1784.274 Thread 0x000000011650f180 Unloading class 0x000000700100a800 'java/lang/invoke/LambdaForm$MH+0x000000700100a800'
Event: 1784.274 Thread 0x000000011650f180 Unloading class 0x0000007001009800 'java/lang/invoke/LambdaForm$MH+0x0000007001009800'
Event: 1784.274 Thread 0x000000011650f180 Unloading class 0x0000007001008400 'java/lang/invoke/LambdaForm$MH+0x0000007001008400'
Event: 1784.274 Thread 0x000000011650f180 Unloading class 0x0000007001008000 'java/lang/invoke/LambdaForm$MH+0x0000007001008000'
Event: 1784.274 Thread 0x000000011650f180 Unloading class 0x0000007001006c00 'java/lang/invoke/LambdaForm$MH+0x0000007001006c00'
Event: 1784.274 Thread 0x000000011650f180 Unloading class 0x0000007001000400 'java/lang/invoke/LambdaForm$MH+0x0000007001000400'

Classes redefined (0 events):
No events

Internal exceptions (20 events):
Event: 0.118 Thread 0x000000010fbf9a00 Exception <a 'java/lang/IncompatibleClassChangeError'{0x00000007cfc72788}: Found class java.lang.Object, but interface was expected> (0x00000007cfc72788) 
thrown [open/src/hotspot/share/interpreter/linkResolver.cpp, line 840]
Event: 0.130 Thread 0x000000010fbf9a00 Exception <a 'java/lang/NoSuchMethodError'{0x00000007cfb67aa0}: method resolution failed> (0x00000007cfb67aa0) 
thrown [open/src/hotspot/share/prims/methodHandles.cpp, line 1144]
Event: 0.377 Thread 0x000000010fbf9a00 Exception <a 'java/lang/NoSuchMethodError'{0x00000007c12b4e60}: 'java.lang.Object java.lang.invoke.Invokers$Holder.invokeExact_MT(java.lang.Object, java.lang.Object, java.lang.Object, java.lang.Object, java.lang.Object, java.lang.Object)'> (0x00000007c12b4e60) 
thrown [open/src/hotspot/share/interpreter/linkResolver.cpp, line 773]
Event: 0.427 Thread 0x000000010fbf9a00 Exception <a 'java/lang/NoSuchMethodError'{0x00000007c0d80d28}: 'java.lang.Object java.lang.invoke.DirectMethodHandle$Holder.invokeStaticInit(java.lang.Object, java.lang.Object, java.lang.Object)'> (0x00000007c0d80d28) 
thrown [open/src/hotspot/share/interpreter/linkResolver.cpp, line 773]
Event: 0.458 Thread 0x000000010fbf9a00 Exception <a 'java/lang/NoSuchMethodError'{0x00000007c09c3670}: 'java.lang.Object java.lang.invoke.DirectMethodHandle$Holder.newInvokeSpecial(java.lang.Object, java.lang.Object, java.lang.Object, java.lang.Object, java.lang.Object)'> (0x00000007c09c3670) 
thrown [open/src/hotspot/share/interpreter/linkResolver.cpp, line 773]
Event: 0.473 Thread 0x000000010fbf9a00 Exception <a 'java/lang/NoSuchMethodError'{0x00000007c8943e90}: 'java.lang.Object java.lang.invoke.DirectMethodHandle$Holder.invokeStatic(java.lang.Object, java.lang.Object, int, java.lang.Object, java.lang.Object)'> (0x00000007c8943e90) 
thrown [open/src/hotspot/share/interpreter/linkResolver.cpp, line 773]
Event: 0.473 Thread 0x000000010fbf9a00 Exception <a 'java/lang/NoSuchMethodError'{0x00000007c894d088}: 'java.lang.Object java.lang.invoke.DirectMethodHandle$Holder.newInvokeSpecial(java.lang.Object, java.lang.Object, int, java.lang.Object)'> (0x00000007c894d088) 
thrown [open/src/hotspot/share/interpreter/linkResolver.cpp, line 773]
Event: 0.474 Thread 0x000000010fbf9a00 Exception <a 'java/lang/NoSuchMethodError'{0x00000007c8950c70}: 'java.lang.Object java.lang.invoke.DirectMethodHandle$Holder.invokeSpecial(java.lang.Object, java.lang.Object, java.lang.Object, int, java.lang.Object)'> (0x00000007c8950c70) 
thrown [open/src/hotspot/share/interpreter/linkResolver.cpp, line 773]
Event: 0.481 Thread 0x000000010fbf9a00 Exception <a 'java/lang/NoSuchMethodError'{0x00000007c89f5bc8}: 'java.lang.Object java.lang.invoke.DirectMethodHandle$Holder.invokeStaticInit(java.lang.Object, java.lang.Object, java.lang.Object, java.lang.Object)'> (0x00000007c89f5bc8) 
thrown [open/src/hotspot/share/interpreter/linkResolver.cpp, line 773]
Event: 0.483 Thread 0x000000010fbf9a00 Exception <a 'java/lang/NoSuchMethodError'{0x00000007c88725d0}: 'void java.lang.invoke.DirectMethodHandle$Holder.invokeStatic(java.lang.Object, java.lang.Object)'> (0x00000007c88725d0) 
thrown [open/src/hotspot/share/interpreter/linkResolver.cpp, line 773]
Event: 0.571 Thread 0x000000010fbf9a00 Exception <a 'java/lang/NoSuchMethodError'{0x00000007c19b8b58}: 'java.lang.Object java.lang.invoke.DirectMethodHandle$Holder.invokeStatic(java.lang.Object, java.lang.Object, int, java.lang.Object)'> (0x00000007c19b8b58) 
thrown [open/src/hotspot/share/interpreter/linkResolver.cpp, line 773]
Event: 0.571 Thread 0x000000010fbf9a00 Exception <a 'java/lang/NoSuchMethodError'{0x00000007c19c0660}: 'java.lang.Object java.lang.invoke.DirectMethodHandle$Holder.newInvokeSpecial(java.lang.Object, java.lang.Object, int)'> (0x00000007c19c0660) 
thrown [open/src/hotspot/share/interpreter/linkResolver.cpp, line 773]
Event: 0.572 Thread 0x000000010fbf9a00 Exception <a 'java/lang/NoSuchMethodError'{0x00000007c19e23d8}: 'java.lang.Object java.lang.invoke.DirectMethodHandle$Holder.invokeStatic(java.lang.Object, int, java.lang.Object)'> (0x00000007c19e23d8) 
thrown [open/src/hotspot/share/interpreter/linkResolver.cpp, line 773]
Event: 0.927 Thread 0x000000010fbf9a00 Exception <a 'java/lang/NoSuchMethodError'{0x00000007c5c9bd90}: 'java.lang.Object java.lang.invoke.DirectMethodHandle$Holder.newInvokeSpecial(java.lang.Object, java.lang.Object, java.lang.Object, java.lang.Object, java.lang.Object, int)'> (0x00000007c5c9bd90) 
thrown [open/src/hotspot/share/interpreter/linkResolver.cpp, line 773]
Event: 0.927 Thread 0x000000010fbf9a00 Exception <a 'java/lang/NoSuchMethodError'{0x00000007c5ca0168}: 'java.lang.Object java.lang.invoke.DirectMethodHandle$Holder.invokeSpecial(java.lang.Object, java.lang.Object, java.lang.Object, java.lang.Object, java.lang.Object, java.lang.Object, int)'> (0x00000007c5ca0168) 
thrown [open/src/hotspot/share/interpreter/linkResolver.cpp, line 773]
Event: 0.937 Thread 0x000000010fbf9a00 Exception <a 'java/lang/NoSuchMethodError'{0x00000007c5b4d798}: 'java.lang.Object java.lang.invoke.DirectMethodHandle$Holder.newInvokeSpecial(java.lang.Object, java.lang.Object, java.lang.Object, java.lang.Object, int, java.lang.Object)'> (0x00000007c5b4d798) 
thrown [open/src/hotspot/share/interpreter/linkResolver.cpp, line 773]
Event: 0.937 Thread 0x000000010fbf9a00 Exception <a 'java/lang/NoSuchMethodError'{0x00000007c5b517e0}: 'java.lang.Object java.lang.invoke.DirectMethodHandle$Holder.invokeSpecial(java.lang.Object, java.lang.Object, java.lang.Object, java.lang.Object, java.lang.Object, int, java.lang.Object)'> (0x00000007c5b517e0) 
thrown [open/src/hotspot/share/interpreter/linkResolver.cpp, line 773]
Event: 0.942 Thread 0x000000010fbf9a00 Exception <a 'java/lang/NoSuchMethodError'{0x00000007c5b8a578}: 'java.lang.Object java.lang.invoke.DirectMethodHandle$Holder.invokeStaticInit(java.lang.Object, java.lang.Object, java.lang.Object, java.lang.Object, java.lang.Object)'> (0x00000007c5b8a578) 
thrown [open/src/hotspot/share/interpreter/linkResolver.cpp, line 773]
Event: 0.943 Thread 0x000000010fbf9a00 Exception <a 'java/lang/NoSuchMethodError'{0x00000007c5b90a88}: 'java.lang.Object java.lang.invoke.Invokers$Holder.invoke_MT(java.lang.Object, java.lang.Object, java.lang.Object, java.lang.Object, java.lang.Object, java.lang.Object)'> (0x00000007c5b90a88) 
thrown [open/src/hotspot/share/interpreter/linkResolver.cpp, line 773]
Event: 1.393 Thread 0x000000010fbf9a00 Exception <a 'java/lang/NoSuchMethodError'{0x00000007c8f16fa8}: 'int java.lang.invoke.DirectMethodHandle$Holder.invokeVirtual(java.lang.Object, java.lang.Object)'> (0x00000007c8f16fa8) 
thrown [open/src/hotspot/share/interpreter/linkResolver.cpp, line 773]

ZGC Phase Switch (0 events):
No events

VM Operations (20 events):
Event: 1785.353 Executing VM operation: Cleanup
Event: 1785.353 Executing VM operation: Cleanup done
Event: 1785.954 Executing VM operation: G1CollectFull (System.gc())
Event: 1785.990 Executing VM operation: G1CollectFull (System.gc()) done
Event: 1824.112 Executing VM operation: Cleanup
Event: 1824.112 Executing VM operation: Cleanup done
Event: 2165.429 Executing VM operation: G1CollectForAllocation (G1 Evacuation Pause)
Event: 2165.430 Executing VM operation: G1CollectForAllocation (G1 Evacuation Pause) done
Event: 2165.488 Executing VM operation: G1CollectFull (System.gc())
Event: 2165.592 Executing VM operation: G1CollectFull (System.gc()) done
Event: 2165.641 Executing VM operation: G1CollectFull (System.gc())
Event: 2165.672 Executing VM operation: G1CollectFull (System.gc()) done
Event: 2167.219 Executing VM operation: G1CollectFull (System.gc())
Event: 2167.248 Executing VM operation: G1CollectFull (System.gc()) done
Event: 3829.536 Executing VM operation: G1CollectForAllocation (G1 Evacuation Pause)
Event: 3829.538 Executing VM operation: G1CollectForAllocation (G1 Evacuation Pause) done
Event: 3829.669 Executing VM operation: G1CollectFull (System.gc())
Event: 3829.727 Executing VM operation: G1CollectFull (System.gc()) done
Event: 3829.787 Executing VM operation: G1CollectFull (System.gc())
Event: 3829.826 Executing VM operation: G1CollectFull (System.gc()) done

Events (20 events):
Event: 3829.716 Thread 0x000000011650f180 flushing nmethod 0x0000000300519b90
Event: 3829.816 Thread 0x000000011650f180 flushing nmethod 0x0000000300184b90
Event: 3829.816 Thread 0x000000011650f180 flushing nmethod 0x00000003004e7890
Event: 3829.816 Thread 0x000000011650f180 flushing nmethod 0x00000003004fb410
Event: 3829.816 Thread 0x000000011650f180 flushing nmethod 0x0000000300517590
Event: 3829.816 Thread 0x000000011650f180 flushing nmethod 0x000000030051fb90
Event: 3829.816 Thread 0x000000011650f180 flushing nmethod 0x0000000300521990
Event: 3829.816 Thread 0x000000011650f180 flushing nmethod 0x0000000300522e90
Event: 3829.816 Thread 0x000000011650f180 flushing nmethod 0x0000000300528f90
Event: 3829.816 Thread 0x000000011650f180 flushing nmethod 0x0000000300531d90
Event: 3829.816 Thread 0x000000011650f180 flushing nmethod 0x0000000300049390
Event: 3829.816 Thread 0x000000011650f180 flushing nmethod 0x0000000300049c10
Event: 3829.816 Thread 0x000000011650f180 flushing nmethod 0x000000030004c610
Event: 3829.816 Thread 0x000000011650f180 flushing nmethod 0x000000030010d990
Event: 3829.816 Thread 0x000000011650f180 flushing nmethod 0x000000030033d790
Event: 3829.816 Thread 0x000000011650f180 flushing nmethod 0x000000030049ee10
Event: 75863.822 Thread 0x00000001379a4600 Thread added: 0x00000001379a4600
Event: 75863.822 Protecting memory [0x000000030f004000,0x000000030f010000] with protection modes 0
Event: 75863.827 Thread 0x0000000137d60200 Thread added: 0x0000000137d60200
Event: 75863.827 Protecting memory [0x000000030f210000,0x000000030f21c000] with protection modes 0


Dynamic libraries:
0x0000000102d00000 	/opt/homebrew/Cellar/python@3.11/3.11.11/Frameworks/Python.framework/Versions/3.11/Python
0x000000018f971000 	/System/Library/Frameworks/CoreFoundation.framework/Versions/A/CoreFoundation
0x000000018f508000 	/usr/lib/libobjc.A.dylib
0x0000000193708000 	/System/Library/PrivateFrameworks/CoreServicesInternal.framework/Versions/A/CoreServicesInternal
0x0000000190f61000 	/System/Library/Frameworks/Foundation.framework/Versions/C/Foundation
0x000000019db12000 	/usr/lib/liboah.dylib
0x000000019db47000 	/usr/lib/libfakelink.dylib
0x000000019313e000 	/usr/lib/libicucore.A.dylib
0x000000019db45000 	/usr/lib/libSystem.B.dylib
0x000000019db4a000 	/System/Library/PrivateFrameworks/SoftLinking.framework/Versions/A/SoftLinking
0x00000001a1082000 	/usr/lib/swift/libswiftCore.dylib
0x000000018f8a2000 	/usr/lib/libc++abi.dylib
0x0000000277599000 	/usr/lib/libRosetta.dylib
0x000000018f815000 	/usr/lib/libc++.1.dylib
0x00000001a9cd0000 	/usr/lib/swift/libswiftObjectiveC.dylib
0x0000000199160000 	/System/Library/PrivateFrameworks/CoreAutoLayout.framework/Versions/A/CoreAutoLayout
0x0000000190bc5000 	/System/Library/Frameworks/SystemConfiguration.framework/Versions/A/SystemConfiguration
0x000000019da8f000 	/usr/lib/libz.1.dylib
0x000000019dd72000 	/usr/lib/libcompression.dylib
0x00000001954a6000 	/System/Library/Frameworks/CFNetwork.framework/Versions/A/CFNetwork
0x0000000198624000 	/System/Library/Frameworks/DiskArbitration.framework/Versions/A/DiskArbitration
0x000000019db9c000 	/usr/lib/libarchive.2.dylib
0x0000000198536000 	/usr/lib/libDiagnosticMessagesClient.dylib
0x00000001991aa000 	/usr/lib/libxml2.2.dylib
0x00000001a556b000 	/System/Library/Frameworks/CoreServices.framework/Versions/A/CoreServices
0x000000019bf17000 	/usr/lib/liblangid.dylib
0x0000000193789000 	/System/Library/Frameworks/IOKit.framework/Versions/A/IOKit
0x00000001a3467000 	/System/Library/Frameworks/Combine.framework/Versions/A/Combine
0x000000023de9f000 	/System/Library/PrivateFrameworks/CollectionsInternal.framework/Versions/A/CollectionsInternal
0x000000025de98000 	/System/Library/PrivateFrameworks/ReflectionInternal.framework/Versions/A/ReflectionInternal
0x000000025eb6a000 	/System/Library/PrivateFrameworks/RuntimeInternal.framework/Versions/A/RuntimeInternal
0x00000001b8d2a000 	/usr/lib/swift/libswiftCoreFoundation.dylib
0x00000001b613e000 	/usr/lib/swift/libswiftDarwin.dylib
0x00000001a7063000 	/usr/lib/swift/libswiftDispatch.dylib
0x00000001b8d85000 	/usr/lib/swift/libswiftIOKit.dylib
0x000000027861d000 	/usr/lib/swift/libswiftSystem.dylib
0x00000001b8d3c000 	/usr/lib/swift/libswiftXPC.dylib
0x000000027868c000 	/usr/lib/swift/libswift_Builtin_float.dylib
0x000000027868f000 	/usr/lib/swift/libswift_Concurrency.dylib
0x00000002787ee000 	/usr/lib/swift/libswift_StringProcessing.dylib
0x0000000278881000 	/usr/lib/swift/libswift_errno.dylib
0x0000000278883000 	/usr/lib/swift/libswift_math.dylib
0x0000000278886000 	/usr/lib/swift/libswift_signal.dylib
0x0000000278887000 	/usr/lib/swift/libswift_stdio.dylib
0x0000000278888000 	/usr/lib/swift/libswift_time.dylib
0x00000001a9cd4000 	/usr/lib/swift/libswiftos.dylib
0x0000000278889000 	/usr/lib/swift/libswiftsys_time.dylib
0x000000027888a000 	/usr/lib/swift/libswiftunistd.dylib
0x000000019db3f000 	/usr/lib/system/libcache.dylib
0x000000019dafa000 	/usr/lib/system/libcommonCrypto.dylib
0x000000019db25000 	/usr/lib/system/libcompiler_rt.dylib
0x000000019db1a000 	/usr/lib/system/libcopyfile.dylib
0x000000018f663000 	/usr/lib/system/libcorecrypto.dylib
0x000000018f749000 	/usr/lib/system/libdispatch.dylib
0x000000018f909000 	/usr/lib/system/libdyld.dylib
0x000000019db35000 	/usr/lib/system/libkeymgr.dylib
0x000000019dadd000 	/usr/lib/system/libmacho.dylib
0x000000019cf10000 	/usr/lib/system/libquarantine.dylib
0x000000019db32000 	/usr/lib/system/libremovefile.dylib
0x0000000195908000 	/usr/lib/system/libsystem_asl.dylib
0x000000018f5f8000 	/usr/lib/system/libsystem_blocks.dylib
0x000000018f793000 	/usr/lib/system/libsystem_c.dylib
0x000000019db29000 	/usr/lib/system/libsystem_collections.dylib
0x000000019bf04000 	/usr/lib/system/libsystem_configuration.dylib
0x000000019ac9f000 	/usr/lib/system/libsystem_containermanager.dylib
0x000000019d620000 	/usr/lib/system/libsystem_coreservices.dylib
0x000000019340a000 	/usr/lib/system/libsystem_darwin.dylib
0x00000002789c1000 	/usr/lib/system/libsystem_darwindirectory.dylib
0x000000019db36000 	/usr/lib/system/libsystem_dnssd.dylib
0x00000002789c5000 	/usr/lib/system/libsystem_eligibility.dylib
0x000000018f790000 	/usr/lib/system/libsystem_featureflags.dylib
0x000000018f941000 	/usr/lib/system/libsystem_info.dylib
0x000000019da9e000 	/usr/lib/system/libsystem_m.dylib
0x000000018f702000 	/usr/lib/system/libsystem_malloc.dylib
0x0000000195871000 	/usr/lib/system/libsystem_networkextension.dylib
0x000000019386c000 	/usr/lib/system/libsystem_notify.dylib
0x000000019bf09000 	/usr/lib/system/libsystem_sandbox.dylib
0x00000002789cd000 	/usr/lib/system/libsystem_sanitizers.dylib
0x000000019db2e000 	/usr/lib/system/libsystem_secinit.dylib
0x000000018f8c0000 	/usr/lib/system/libsystem_kernel.dylib
0x000000018f939000 	/usr/lib/system/libsystem_platform.dylib
0x000000018f8fc000 	/usr/lib/system/libsystem_pthread.dylib
0x0000000197462000 	/usr/lib/system/libsystem_symptoms.dylib
0x000000018f647000 	/usr/lib/system/libsystem_trace.dylib
0x000000019db08000 	/usr/lib/system/libunwind.dylib
0x000000018f5fc000 	/usr/lib/system/libxpc.dylib
0x0000000192d33000 	/System/Library/Frameworks/Security.framework/Versions/A/Security
0x000000019ced6000 	/System/Library/PrivateFrameworks/BackgroundTaskManagement.framework/Versions/A/BackgroundTaskManagement
0x0000000239a35000 	/System/Library/PrivateFrameworks/AppleKeyStore.framework/Versions/A/AppleKeyStore
0x00000002773f1000 	/usr/lib/libCoreEntitlements.dylib
0x0000000254e71000 	/System/Library/PrivateFrameworks/MessageSecurity.framework/Versions/A/MessageSecurity
0x0000000197023000 	/System/Library/PrivateFrameworks/ProtocolBuffer.framework/Versions/A/ProtocolBuffer
0x000000019588e000 	/usr/lib/libMobileGestalt.dylib
0x000000019d607000 	/System/Library/PrivateFrameworks/AppleFSCompression.framework/Versions/A/AppleFSCompression
0x000000019cf37000 	/usr/lib/libbsm.0.dylib
0x000000019cf1f000 	/usr/lib/libcoretls.dylib
0x000000019f120000 	/usr/lib/libcoretls_cfhelpers.dylib
0x000000019dd6c000 	/usr/lib/libpam.2.dylib
0x000000019703e000 	/usr/lib/libsqlite3.dylib
0x000000019f194000 	/usr/lib/libxar.1.dylib
0x000000019f122000 	/System/Library/PrivateFrameworks/APFS.framework/Versions/A/APFS
0x00000002680a8000 	/System/Library/PrivateFrameworks/SwiftASN1Internal.framework/Versions/A/SwiftASN1Internal
0x000000019f1a3000 	/usr/lib/libutil.dylib
0x000000019588c000 	/usr/lib/libenergytrace.dylib
0x000000019dae1000 	/usr/lib/system/libkxld.dylib
0x000000019bf12000 	/System/Library/PrivateFrameworks/AppleSystemInfo.framework/Versions/A/AppleSystemInfo
0x000000019cc0f000 	/System/Library/PrivateFrameworks/IOMobileFramebuffer.framework/Versions/A/IOMobileFramebuffer
0x000000019746b000 	/System/Library/Frameworks/Network.framework/Versions/A/Network
0x0000000198505000 	/System/Library/PrivateFrameworks/CoreAnalytics.framework/Versions/A/CoreAnalytics
0x00000001b8c15000 	/System/Library/PrivateFrameworks/LoggingSupport.framework/Versions/A/LoggingSupport
0x00000001a6524000 	/System/Library/PrivateFrameworks/PowerLog.framework/Versions/A/PowerLog
0x0000000197374000 	/System/Library/PrivateFrameworks/RunningBoardServices.framework/Versions/A/RunningBoardServices
0x00000001f6726000 	/System/Library/Frameworks/SwiftData.framework/Versions/A/SwiftData
0x0000000194f1d000 	/System/Library/Frameworks/UniformTypeIdentifiers.framework/Versions/A/UniformTypeIdentifiers
0x0000000199335000 	/System/Library/PrivateFrameworks/UserManagement.framework/Versions/A/UserManagement
0x00000001953d4000 	/usr/lib/libboringssl.dylib
0x0000000197451000 	/usr/lib/libdns_services.dylib
0x00000001b7dc9000 	/usr/lib/libquic.dylib
0x00000001a1011000 	/usr/lib/libusrtcp.dylib
0x000000019dd29000 	/usr/lib/libapple_nghttp2.dylib
0x00000001dc71b000 	/System/Library/PrivateFrameworks/InternalSwiftProtobuf.framework/Versions/A/InternalSwiftProtobuf
0x000000027857a000 	/usr/lib/swift/libswiftDistributed.dylib
0x00000002785a6000 	/usr/lib/swift/libswiftObservation.dylib
0x0000000278613000 	/usr/lib/swift/libswiftSynchronization.dylib
0x00000001954a5000 	/usr/lib/libnetwork.dylib
0x00000001c9941000 	/System/Library/PrivateFrameworks/OSAnalytics.framework/Versions/A/OSAnalytics
0x000000019dd04000 	/System/Library/PrivateFrameworks/AppleSauce.framework/Versions/A/AppleSauce
0x00000001a77f9000 	/System/Library/PrivateFrameworks/CoreSymbolication.framework/Versions/A/CoreSymbolication
0x00000001d83e7000 	/System/Library/PrivateFrameworks/Symbolication.framework/Versions/A/Symbolication
0x0000000199124000 	/System/Library/Frameworks/CoreServices.framework/Versions/A/Frameworks/FSEvents.framework/Versions/A/FSEvents
0x0000000193415000 	/System/Library/Frameworks/CoreServices.framework/Versions/A/Frameworks/CarbonCore.framework/Versions/A/CarbonCore
0x0000000198599000 	/System/Library/Frameworks/CoreServices.framework/Versions/A/Frameworks/Metadata.framework/Versions/A/Metadata
0x000000019d627000 	/System/Library/Frameworks/CoreServices.framework/Versions/A/Frameworks/OSServices.framework/Versions/A/OSServices
0x000000019dc94000 	/System/Library/Frameworks/CoreServices.framework/Versions/A/Frameworks/SearchKit.framework/Versions/A/SearchKit
0x00000001973dd000 	/System/Library/Frameworks/CoreServices.framework/Versions/A/Frameworks/AE.framework/Versions/A/AE
0x000000018feb0000 	/System/Library/Frameworks/CoreServices.framework/Versions/A/Frameworks/LaunchServices.framework/Versions/A/LaunchServices
0x000000019f0aa000 	/System/Library/Frameworks/CoreServices.framework/Versions/A/Frameworks/DictionaryServices.framework/Versions/A/DictionaryServices
0x0000000199132000 	/System/Library/Frameworks/CoreServices.framework/Versions/A/Frameworks/SharedFileList.framework/Versions/A/SharedFileList
0x0000000195e69000 	/System/Library/Frameworks/CoreGraphics.framework/Versions/A/CoreGraphics
0x00000001a1d65000 	/System/Library/Frameworks/GSS.framework/Versions/A/GSS
0x000000019f101000 	/usr/lib/liblzma.5.dylib
0x0000000196bc8000 	/System/Library/Frameworks/CoreData.framework/Versions/A/CoreData
0x000000019ce1b000 	/System/Library/PrivateFrameworks/MobileKeyBag.framework/Versions/A/MobileKeyBag
0x000000019bf10000 	/System/Library/PrivateFrameworks/AggregateDictionary.framework/Versions/A/AggregateDictionary
0x00000002772bc000 	/usr/lib/libAppleArchive.dylib
0x000000019d613000 	/usr/lib/libbz2.1.0.dylib
0x000000019db81000 	/usr/lib/libiconv.2.dylib
0x000000019dadc000 	/usr/lib/libcharset.1.dylib
0x0000000195943000 	/System/Library/PrivateFrameworks/SkyLight.framework/Versions/A/SkyLight
0x000000019b0ea000 	/System/Library/PrivateFrameworks/FontServices.framework/libFontParser.dylib
0x00000001a5817000 	/System/Library/Frameworks/Accelerate.framework/Versions/A/Accelerate
0x000000019acd0000 	/System/Library/Frameworks/IOSurface.framework/Versions/A/IOSurface
0x0000000195920000 	/System/Library/PrivateFrameworks/TCC.framework/Versions/A/TCC
0x00000001acbb3000 	/System/Library/PrivateFrameworks/IOSurfaceAccelerator.framework/Versions/A/IOSurfaceAccelerator
0x000000019fbda000 	/System/Library/PrivateFrameworks/WatchdogClient.framework/Versions/A/WatchdogClient
0x0000000191f06000 	/System/Library/Frameworks/CoreDisplay.framework/Versions/A/CoreDisplay
0x000000019af8e000 	/System/Library/Frameworks/CoreMedia.framework/Versions/A/CoreMedia
0x000000019ace9000 	/System/Library/PrivateFrameworks/IOAccelerator.framework/Versions/A/IOAccelerator
0x000000019acf3000 	/System/Library/Frameworks/Metal.framework/Versions/A/Metal
0x0000000199294000 	/System/Library/Frameworks/CoreVideo.framework/Versions/A/CoreVideo
0x000000019dd6a000 	/System/Library/Frameworks/MetalPerformanceShaders.framework/Versions/A/MetalPerformanceShaders
0x000000019fbdc000 	/System/Library/PrivateFrameworks/MultitouchSupport.framework/Versions/A/MultitouchSupport
0x0000000198a3d000 	/System/Library/Frameworks/QuartzCore.framework/Versions/A/QuartzCore
0x000000025d1e9000 	/System/Library/PrivateFrameworks/ProDisplayLibrary.framework/Versions/A/ProDisplayLibrary
0x000000019fc22000 	/System/Library/Frameworks/VideoToolbox.framework/Versions/A/VideoToolbox
0x00000001c58db000 	/usr/lib/swift/libswiftMetal.dylib
0x00000001d48b1000 	/usr/lib/swift/libswiftOSLog.dylib
0x00000001cad02000 	/usr/lib/swift/libswiftQuartzCore.dylib
0x00000001cf345000 	/usr/lib/swift/libswiftUniformTypeIdentifiers.dylib
0x00000001bc5d8000 	/usr/lib/swift/libswiftsimd.dylib
0x000000019728f000 	/System/Library/PrivateFrameworks/BaseBoard.framework/Versions/A/BaseBoard
0x000000019b71a000 	/System/Library/Frameworks/ImageIO.framework/Versions/A/ImageIO
0x000000019faa3000 	/System/Library/PrivateFrameworks/AppleJPEG.framework/Versions/A/AppleJPEG
0x000000019f544000 	/usr/lib/libexpat.1.dylib
0x0000000196599000 	/System/Library/Frameworks/ColorSync.framework/Versions/A/ColorSync
0x00000001a00ce000 	/System/Library/Frameworks/ImageIO.framework/Versions/A/Resources/libPng.dylib
0x00000001a00f9000 	/System/Library/Frameworks/ImageIO.framework/Versions/A/Resources/libTIFF.dylib
0x00000001a01e3000 	/System/Library/Frameworks/ImageIO.framework/Versions/A/Resources/libGIF.dylib
0x000000019fae9000 	/System/Library/Frameworks/ImageIO.framework/Versions/A/Resources/libJP2.dylib
0x000000019f255000 	/usr/lib/libate.dylib
0x00000001a018a000 	/System/Library/Frameworks/ImageIO.framework/Versions/A/Resources/libJPEG.dylib
0x00000001a0181000 	/System/Library/Frameworks/ImageIO.framework/Versions/A/Resources/libRadiance.dylib
0x000000019862d000 	/System/Library/Frameworks/Accelerate.framework/Versions/A/Frameworks/vImage.framework/Versions/A/vImage
0x00000001a5546000 	/System/Library/Frameworks/Accelerate.framework/Versions/A/Frameworks/vecLib.framework/Versions/A/vecLib
0x000000019f1db000 	/System/Library/Frameworks/Accelerate.framework/Versions/A/Frameworks/vecLib.framework/Versions/A/libvMisc.dylib
0x0000000190328000 	/System/Library/Frameworks/Accelerate.framework/Versions/A/Frameworks/vecLib.framework/Versions/A/libBLAS.dylib
0x00000001923df000 	/System/Library/Frameworks/CoreText.framework/Versions/A/CoreText
0x000000024429a000 	/System/Library/PrivateFrameworks/FontServices.framework/Versions/A/FontServices
0x000000019f728000 	/System/Library/PrivateFrameworks/OTSVG.framework/Versions/A/OTSVG
0x0000000198e11000 	/System/Library/Frameworks/ApplicationServices.framework/Versions/A/Frameworks/ATS.framework/Versions/A/Resources/libFontRegistry.dylib
0x000000027797d000 	/usr/lib/libhvf.dylib
0x00000002590f7000 	/System/Library/PrivateFrameworks/ParsingInternal.framework/Versions/A/ParsingInternal
0x00000002785c3000 	/usr/lib/swift/libswiftRegexBuilder.dylib
0x000000027874b000 	/usr/lib/swift/libswift_RegexParser.dylib
0x000000024429b000 	/System/Library/PrivateFrameworks/FontServices.framework/libXTFontStaticRegistryData.dylib
0x000000019ba99000 	/System/Library/Frameworks/CoreImage.framework/Versions/A/CoreImage
0x0000000244365000 	/System/Library/PrivateFrameworks/FramePacing.framework/Versions/A/FramePacing
0x00000001aae19000 	/System/Library/PrivateFrameworks/ASEProcessing.framework/Versions/A/ASEProcessing
0x000000025c358000 	/System/Library/PrivateFrameworks/PhotosensitivityProcessing.framework/Versions/A/PhotosensitivityProcessing
0x00000001f0231000 	/System/Library/Frameworks/OpenGL.framework/Versions/A/OpenGL
0x000000019f71c000 	/System/Library/PrivateFrameworks/GraphVisualizer.framework/Versions/A/GraphVisualizer
0x0000000248f68000 	/System/Library/PrivateFrameworks/GPUCompiler.framework/Versions/32023/Libraries/libllvm-flatbuffers.dylib
0x00000001f0223000 	/System/Library/Frameworks/OpenGL.framework/Versions/A/Libraries/libCoreFSCache.dylib
0x0000000244eda000 	/System/Library/PrivateFrameworks/GPUCompiler.framework/Versions/32023/Libraries/libGPUCompilerUtils.dylib
0x00000001f0281000 	/System/Library/Frameworks/OpenGL.framework/Versions/A/Libraries/libGLU.dylib
0x00000001f0245000 	/System/Library/Frameworks/OpenGL.framework/Versions/A/Libraries/libGFXShared.dylib
0x00000001f040d000 	/System/Library/Frameworks/OpenGL.framework/Versions/A/Libraries/libGL.dylib
0x00000001f024e000 	/System/Library/Frameworks/OpenGL.framework/Versions/A/Libraries/libGLImage.dylib
0x00000001f0242000 	/System/Library/Frameworks/OpenGL.framework/Versions/A/Libraries/libCVMSPluginSupport.dylib
0x00000001f022b000 	/System/Library/Frameworks/OpenGL.framework/Versions/A/Libraries/libCoreVMClient.dylib
0x000000019be54000 	/System/Library/Frameworks/MetalPerformanceShaders.framework/Versions/A/Frameworks/MPSCore.framework/Versions/A/MPSCore
0x000000019d572000 	/System/Library/Frameworks/MetalPerformanceShaders.framework/Versions/A/Frameworks/MPSImage.framework/Versions/A/MPSImage
0x000000019cfc1000 	/System/Library/Frameworks/MetalPerformanceShaders.framework/Versions/A/Frameworks/MPSNeuralNetwork.framework/Versions/A/MPSNeuralNetwork
0x000000019d3f8000 	/System/Library/Frameworks/MetalPerformanceShaders.framework/Versions/A/Frameworks/MPSMatrix.framework/Versions/A/MPSMatrix
0x000000019d20d000 	/System/Library/Frameworks/MetalPerformanceShaders.framework/Versions/A/Frameworks/MPSRayIntersector.framework/Versions/A/MPSRayIntersector
0x000000019d42a000 	/System/Library/Frameworks/MetalPerformanceShaders.framework/Versions/A/Frameworks/MPSNDArray.framework/Versions/A/MPSNDArray
0x00000001f3b18000 	/System/Library/Frameworks/MetalPerformanceShaders.framework/Versions/A/Frameworks/MPSFunctions.framework/Versions/A/MPSFunctions
0x00000001f3afa000 	/System/Library/Frameworks/MetalPerformanceShaders.framework/Versions/A/Frameworks/MPSBenchmarkLoop.framework/Versions/A/MPSBenchmarkLoop
0x00000001901a3000 	/System/Library/PrivateFrameworks/MetalTools.framework/Versions/A/MetalTools
0x00000001bd97e000 	/System/Library/PrivateFrameworks/IOAccelMemoryInfo.framework/Versions/A/IOAccelMemoryInfo
0x00000001cb0f7000 	/System/Library/PrivateFrameworks/kperf.framework/Versions/A/kperf
0x00000001b8d05000 	/System/Library/PrivateFrameworks/GPURawCounter.framework/Versions/A/GPURawCounter
0x00000001b8c9e000 	/System/Library/PrivateFrameworks/MallocStackLogging.framework/Versions/A/MallocStackLogging
0x000000019f2ef000 	/System/Library/PrivateFrameworks/CrashReporterSupport.framework/Versions/A/CrashReporterSupport
0x00000001a77d5000 	/System/Library/PrivateFrameworks/DebugSymbols.framework/Versions/A/DebugSymbols
0x00000001a1d54000 	/System/Library/Frameworks/Kerberos.framework/Versions/A/Kerberos
0x00000001a19ba000 	/usr/lib/libresolv.9.dylib
0x000000019f77a000 	/System/Library/PrivateFrameworks/Heimdal.framework/Versions/A/Heimdal
0x00000001a9c27000 	/System/Library/Frameworks/Kerberos.framework/Versions/A/Libraries/libHeimdalProxy.dylib
0x000000019f55f000 	/usr/lib/libheimdal-asn1.dylib
0x00000001990f7000 	/System/Library/Frameworks/OpenDirectory.framework/Versions/A/OpenDirectory
0x00000001a1db7000 	/System/Library/PrivateFrameworks/CommonAuth.framework/Versions/A/CommonAuth
0x0000000199105000 	/System/Library/Frameworks/OpenDirectory.framework/Versions/A/Frameworks/CFOpenDirectory.framework/Versions/A/CFOpenDirectory
0x000000019ce47000 	/System/Library/Frameworks/SecurityFoundation.framework/Versions/A/SecurityFoundation
0x00000001a16ed000 	/System/Library/Frameworks/AudioToolbox.framework/Versions/A/AudioToolbox
0x00000001925fe000 	/System/Library/Frameworks/CoreAudio.framework/Versions/A/CoreAudio
0x00000001a18f5000 	/usr/lib/libAudioStatistics.dylib
0x000000019af66000 	/System/Library/PrivateFrameworks/caulk.framework/Versions/A/caulk
0x0000000192027000 	/System/Library/PrivateFrameworks/AudioToolboxCore.framework/Versions/A/AudioToolboxCore
0x00000001abf3f000 	/System/Library/Frameworks/CoreMIDI.framework/Versions/A/CoreMIDI
0x00000001a1898000 	/System/Library/PrivateFrameworks/AudioSession.framework/Versions/A/AudioSession
0x000000019f649000 	/System/Library/PrivateFrameworks/MediaExperience.framework/Versions/A/MediaExperience
0x00000001e3a40000 	/System/Library/PrivateFrameworks/FeatureFlags.framework/Versions/A/FeatureFlags
0x000000019f769000 	/System/Library/PrivateFrameworks/AppServerSupport.framework/Versions/A/AppServerSupport
0x00000001a1d38000 	/System/Library/PrivateFrameworks/perfdata.framework/Versions/A/perfdata
0x00000001b7ec2000 	/System/Library/PrivateFrameworks/SystemPolicy.framework/Versions/A/SystemPolicy
0x00000001a1bd9000 	/usr/lib/libSMC.dylib
0x00000001a0098000 	/usr/lib/libAudioToolboxUtility.dylib
0x00000001a1d46000 	/usr/lib/libperfcheck.dylib
0x000000023a7f2000 	/System/Library/PrivateFrameworks/AudioAnalytics.framework/Versions/A/AudioAnalytics
0x00000001dc4e2000 	/System/Library/Frameworks/OSLog.framework/Versions/A/OSLog
0x00000001b8cd0000 	/usr/lib/libmis.dylib
0x00000001a16a6000 	/System/Library/PrivateFrameworks/AudioSession.framework/libSessionUtility.dylib
0x00000001a01e9000 	/System/Library/PrivateFrameworks/CMCaptureCore.framework/Versions/A/CMCaptureCore
0x000000019f773000 	/usr/lib/libspindump.dylib
0x00000001f1e4a000 	/System/Library/Frameworks/ExtensionFoundation.framework/Versions/A/ExtensionFoundation
0x00000001a7906000 	/System/Library/PrivateFrameworks/CoreTime.framework/Versions/A/CoreTime
0x00000001a73c8000 	/System/Library/PrivateFrameworks/BoardServices.framework/Versions/A/BoardServices
0x000000019f443000 	/System/Library/PrivateFrameworks/PlugInKit.framework/Versions/A/PlugInKit
0x000000019ce38000 	/System/Library/PrivateFrameworks/AssertionServices.framework/Versions/A/AssertionServices
0x000000019caea000 	/System/Library/Frameworks/Accelerate.framework/Versions/A/Frameworks/vecLib.framework/Versions/A/libvDSP.dylib
0x000000019de48000 	/System/Library/Frameworks/Accelerate.framework/Versions/A/Frameworks/vecLib.framework/Versions/A/libLAPACK.dylib
0x000000019cfac000 	/System/Library/Frameworks/Accelerate.framework/Versions/A/Frameworks/vecLib.framework/Versions/A/libLinearAlgebra.dylib
0x000000019dd43000 	/System/Library/Frameworks/Accelerate.framework/Versions/A/Frameworks/vecLib.framework/Versions/A/libSparseBLAS.dylib
0x000000019de43000 	/System/Library/Frameworks/Accelerate.framework/Versions/A/Frameworks/vecLib.framework/Versions/A/libQuadrature.dylib
0x000000019c03d000 	/System/Library/Frameworks/Accelerate.framework/Versions/A/Frameworks/vecLib.framework/Versions/A/libBNNS.dylib
0x0000000190ac9000 	/System/Library/Frameworks/Accelerate.framework/Versions/A/Frameworks/vecLib.framework/Versions/A/libSparse.dylib
0x0000000252261000 	/System/Library/PrivateFrameworks/MIL.framework/Versions/A/MIL
0x00000001a017c000 	/System/Library/PrivateFrameworks/GPUWrangler.framework/Versions/A/GPUWrangler
0x00000001a015c000 	/System/Library/PrivateFrameworks/IOPresentment.framework/Versions/A/IOPresentment
0x00000001a0184000 	/System/Library/PrivateFrameworks/DSExternalDisplay.framework/Versions/A/DSExternalDisplay
0x00000001dc8e9000 	/System/Library/PrivateFrameworks/HIDDisplay.framework/Versions/A/HIDDisplay
0x00000001b16c8000 	/System/Library/PrivateFrameworks/HID.framework/Versions/A/HID
0x000000026e39f000 	/System/Library/PrivateFrameworks/VideoToolboxParavirtualizationSupport.framework/Versions/A/VideoToolboxParavirtualizationSupport
0x000000019f4fb000 	/System/Library/PrivateFrameworks/AppleVA.framework/Versions/A/AppleVA
0x00000001a6615000 	/System/Library/PrivateFrameworks/MediaKit.framework/Versions/A/MediaKit
0x00000001a6560000 	/System/Library/Frameworks/DiscRecording.framework/Versions/A/DiscRecording
0x00000001909bc000 	/System/Library/PrivateFrameworks/Lexicon.framework/Versions/A/Lexicon
0x000000019cfa9000 	/usr/lib/libgermantok.dylib
0x000000019c036000 	/System/Library/PrivateFrameworks/LinguisticData.framework/Versions/A/LinguisticData
0x00000001a1d19000 	/System/Library/PrivateFrameworks/NetAuth.framework/Versions/A/NetAuth
0x00000001992f5000 	/System/Library/PrivateFrameworks/login.framework/Versions/A/Frameworks/loginsupport.framework/Versions/A/loginsupport
0x000000023a402000 	/System/Library/PrivateFrameworks/AppleMobileFileIntegrity.framework/Versions/A/AppleMobileFileIntegrity
0x00000002775fc000 	/usr/lib/libTLE.dylib
0x00000001ed27f000 	/System/Library/PrivateFrameworks/ConfigProfileHelper.framework/Versions/A/ConfigProfileHelper
0x000000019cf49000 	/usr/lib/libmecab.dylib
0x0000000190c59000 	/usr/lib/libCRFSuite.dylib
0x000000019bf19000 	/System/Library/PrivateFrameworks/CoreNLP.framework/Versions/A/CoreNLP
0x000000019dcfc000 	/usr/lib/libThaiTokenizer.dylib
0x000000019cf13000 	/usr/lib/libCheckFix.dylib
0x0000000198538000 	/System/Library/PrivateFrameworks/MetadataUtilities.framework/Versions/A/MetadataUtilities
0x000000024daa3000 	/System/Library/PrivateFrameworks/InstalledContentLibrary.framework/Versions/A/InstalledContentLibrary
0x0000000193748000 	/System/Library/PrivateFrameworks/CoreServicesStore.framework/Versions/A/CoreServicesStore
0x000000019915c000 	/usr/lib/libapp_launch_measurement.dylib
0x00000001cb201000 	/System/Library/PrivateFrameworks/MobileSystemServices.framework/Versions/A/MobileSystemServices
0x000000019f1a7000 	/usr/lib/libxslt.1.dylib
0x00000001a91dd000 	/System/Library/PrivateFrameworks/DiskImages.framework/Versions/A/DiskImages
0x00000001b5c67000 	/System/Library/Frameworks/NetFS.framework/Versions/A/NetFS
0x00000001a939b000 	/usr/lib/libcurl.4.dylib
0x0000000277830000 	/usr/lib/libcrypto.46.dylib
0x0000000278358000 	/usr/lib/libssl.48.dylib
0x00000001a9074000 	/System/Library/Frameworks/LDAP.framework/Versions/A/LDAP
0x00000001a90b0000 	/System/Library/PrivateFrameworks/TrustEvaluationAgent.framework/Versions/A/TrustEvaluationAgent
0x00000001a19d7000 	/usr/lib/libsasl2.2.dylib
0x000000010270c000 	/opt/homebrew/Cellar/python@3.11/3.11.11/Frameworks/Python.framework/Versions/3.11/lib/python3.11/lib-dynload/_typing.cpython-311-darwin.so
0x0000000102730000 	/opt/homebrew/Cellar/python@3.11/3.11.11/Frameworks/Python.framework/Versions/3.11/lib/python3.11/lib-dynload/_json.cpython-311-darwin.so
0x000000010271c000 	/opt/homebrew/Cellar/python@3.11/3.11.11/Frameworks/Python.framework/Versions/3.11/lib/python3.11/lib-dynload/fcntl.cpython-311-darwin.so
0x0000000102744000 	/opt/homebrew/Cellar/python@3.11/3.11.11/Frameworks/Python.framework/Versions/3.11/lib/python3.11/lib-dynload/_posixsubprocess.cpython-311-darwin.so
0x0000000102768000 	/opt/homebrew/Cellar/python@3.11/3.11.11/Frameworks/Python.framework/Versions/3.11/lib/python3.11/lib-dynload/select.cpython-311-darwin.so
0x0000000102794000 	/opt/homebrew/Cellar/python@3.11/3.11.11/Frameworks/Python.framework/Versions/3.11/lib/python3.11/lib-dynload/math.cpython-311-darwin.so
0x00000001027ac000 	/Users/song-giung/code/study/Momentum_Study/.venv/lib/python3.11/site-packages/zmq/backend/cython/_zmq.cpython-311-darwin.so
0x0000000103528000 	/Users/song-giung/code/study/Momentum_Study/.venv/lib/python3.11/site-packages/zmq/.dylibs/libzmq.5.dylib
0x0000000102c4c000 	/Users/song-giung/code/study/Momentum_Study/.venv/lib/python3.11/site-packages/zmq/.dylibs/libsodium.26.dylib
0x000000010277c000 	/opt/homebrew/Cellar/python@3.11/3.11.11/Frameworks/Python.framework/Versions/3.11/lib/python3.11/lib-dynload/_struct.cpython-311-darwin.so
0x0000000102cd8000 	/opt/homebrew/Cellar/python@3.11/3.11.11/Frameworks/Python.framework/Versions/3.11/lib/python3.11/lib-dynload/_pickle.cpython-311-darwin.so
0x0000000102754000 	/opt/homebrew/Cellar/python@3.11/3.11.11/Frameworks/Python.framework/Versions/3.11/lib/python3.11/lib-dynload/_bisect.cpython-311-darwin.so
0x0000000102cb4000 	/opt/homebrew/Cellar/python@3.11/3.11.11/Frameworks/Python.framework/Versions/3.11/lib/python3.11/lib-dynload/_random.cpython-311-darwin.so
0x0000000102cc4000 	/opt/homebrew/Cellar/python@3.11/3.11.11/Frameworks/Python.framework/Versions/3.11/lib/python3.11/lib-dynload/_sha512.cpython-311-darwin.so
0x00000001032f8000 	/opt/homebrew/Cellar/python@3.11/3.11.11/Frameworks/Python.framework/Versions/3.11/lib/python3.11/lib-dynload/_heapq.cpython-311-darwin.so
0x0000000103324000 	/opt/homebrew/Cellar/python@3.11/3.11.11/Frameworks/Python.framework/Versions/3.11/lib/python3.11/lib-dynload/_socket.cpython-311-darwin.so
0x0000000103340000 	/opt/homebrew/Cellar/python@3.11/3.11.11/Frameworks/Python.framework/Versions/3.11/lib/python3.11/lib-dynload/array.cpython-311-darwin.so
0x000000010338c000 	/opt/homebrew/Cellar/python@3.11/3.11.11/Frameworks/Python.framework/Versions/3.11/lib/python3.11/lib-dynload/_ssl.cpython-311-darwin.so
0x00000001036c8000 	/opt/homebrew/Cellar/openssl@3/3.5.0/lib/libssl.3.dylib
0x0000000103c24000 	/opt/homebrew/Cellar/openssl@3/3.5.0/lib/libcrypto.3.dylib
0x0000000103354000 	/opt/homebrew/Cellar/python@3.11/3.11.11/Frameworks/Python.framework/Versions/3.11/lib/python3.11/lib-dynload/binascii.cpython-311-darwin.so
0x0000000103308000 	/opt/homebrew/Cellar/python@3.11/3.11.11/Frameworks/Python.framework/Versions/3.11/lib/python3.11/lib-dynload/_opcode.cpython-311-darwin.so
0x0000000103368000 	/opt/homebrew/Cellar/python@3.11/3.11.11/Frameworks/Python.framework/Versions/3.11/lib/python3.11/lib-dynload/_contextvars.cpython-311-darwin.so
0x00000001034e0000 	/opt/homebrew/Cellar/python@3.11/3.11.11/Frameworks/Python.framework/Versions/3.11/lib/python3.11/lib-dynload/_asyncio.cpython-311-darwin.so
0x0000000103378000 	/opt/homebrew/Cellar/python@3.11/3.11.11/Frameworks/Python.framework/Versions/3.11/lib/python3.11/lib-dynload/_queue.cpython-311-darwin.so
0x00000001034fc000 	/opt/homebrew/Cellar/python@3.11/3.11.11/Frameworks/Python.framework/Versions/3.11/lib/python3.11/lib-dynload/_hashlib.cpython-311-darwin.so
0x00000001039a4000 	/opt/homebrew/Cellar/python@3.11/3.11.11/Frameworks/Python.framework/Versions/3.11/lib/python3.11/lib-dynload/_blake2.cpython-311-darwin.so
0x00000001039d8000 	/opt/homebrew/Cellar/python@3.11/3.11.11/Frameworks/Python.framework/Versions/3.11/lib/python3.11/lib-dynload/_datetime.cpython-311-darwin.so
0x00000001039b8000 	/opt/homebrew/Cellar/python@3.11/3.11.11/Frameworks/Python.framework/Versions/3.11/lib/python3.11/lib-dynload/zlib.cpython-311-darwin.so
0x00000001026fc000 	/Users/song-giung/code/study/Momentum_Study/.venv/lib/python3.11/site-packages/tornado/speedups.abi3.so
0x0000000103b1c000 	/opt/homebrew/Cellar/python@3.11/3.11.11/Frameworks/Python.framework/Versions/3.11/lib/python3.11/lib-dynload/_curses.cpython-311-darwin.so
0x00000001bd941000 	/usr/lib/libncurses.5.4.dylib
0x0000000103b70000 	/opt/homebrew/Cellar/python@3.11/3.11.11/Frameworks/Python.framework/Versions/3.11/lib/python3.11/lib-dynload/_decimal.cpython-311-darwin.so
0x0000000103ba0000 	/opt/homebrew/Cellar/mpdecimal/4.0.0/lib/libmpdec.4.0.0.dylib
0x0000000103518000 	/opt/homebrew/Cellar/python@3.11/3.11.11/Frameworks/Python.framework/Versions/3.11/lib/python3.11/lib-dynload/termios.cpython-311-darwin.so
0x0000000103af8000 	/opt/homebrew/Cellar/python@3.11/3.11.11/Frameworks/Python.framework/Versions/3.11/lib/python3.11/lib-dynload/_bz2.cpython-311-darwin.so
0x0000000103b40000 	/opt/homebrew/Cellar/python@3.11/3.11.11/Frameworks/Python.framework/Versions/3.11/lib/python3.11/lib-dynload/_lzma.cpython-311-darwin.so
0x00000001041a8000 	/opt/homebrew/Cellar/xz/5.6.4/lib/liblzma.5.dylib
0x0000000103b08000 	/opt/homebrew/Cellar/python@3.11/3.11.11/Frameworks/Python.framework/Versions/3.11/lib/python3.11/lib-dynload/_uuid.cpython-311-darwin.so
0x0000000103b58000 	/opt/homebrew/Cellar/python@3.11/3.11.11/Frameworks/Python.framework/Versions/3.11/lib/python3.11/lib-dynload/_csv.cpython-311-darwin.so
0x0000000103bf4000 	/opt/homebrew/Cellar/python@3.11/3.11.11/Frameworks/Python.framework/Versions/3.11/lib/python3.11/lib-dynload/_sqlite3.cpython-311-darwin.so
0x0000000104a08000 	/opt/homebrew/Cellar/sqlite/3.49.1/lib/libsqlite3.3.49.1.dylib
0x0000000103bd0000 	/opt/homebrew/Cellar/python@3.11/3.11.11/Frameworks/Python.framework/Versions/3.11/lib/python3.11/lib-dynload/pyexpat.cpython-311-darwin.so
0x0000000104f54000 	/opt/homebrew/Cellar/python@3.11/3.11.11/Frameworks/Python.framework/Versions/3.11/lib/python3.11/lib-dynload/unicodedata.cpython-311-darwin.so
0x0000000103be4000 	/opt/homebrew/Cellar/python@3.11/3.11.11/Frameworks/Python.framework/Versions/3.11/lib/python3.11/lib-dynload/_scproxy.cpython-311-darwin.so
0x00000001049d8000 	/opt/homebrew/Cellar/python@3.11/3.11.11/Frameworks/Python.framework/Versions/3.11/lib/python3.11/lib-dynload/_lsprof.cpython-311-darwin.so
0x00000001049e8000 	/opt/homebrew/Cellar/python@3.11/3.11.11/Frameworks/Python.framework/Versions/3.11/lib/python3.11/lib-dynload/resource.cpython-311-darwin.so
0x0000000104f38000 	/Users/song-giung/code/study/Momentum_Study/.venv/lib/python3.11/site-packages/psutil/_psutil_osx.abi3.so
0x00000001049f8000 	/Users/song-giung/code/study/Momentum_Study/.venv/lib/python3.11/site-packages/psutil/_psutil_posix.abi3.so
0x0000000105594000 	/opt/homebrew/Cellar/python@3.11/3.11.11/Frameworks/Python.framework/Versions/3.11/lib/python3.11/lib-dynload/_ctypes.cpython-311-darwin.so
0x00000001a2084000 	/usr/lib/libffi.dylib
0x00000001058d0000 	/Users/song-giung/code/study/Momentum_Study/.venv/lib/python3.11/site-packages/debugpy/_vendored/pydevd/_pydevd_bundle/pydevd_cython.cpython-311-darwin.so
0x000000010b34c000 	/Users/song-giung/code/study/Momentum_Study/.venv/lib/python3.11/site-packages/numpy/_core/_multiarray_umath.cpython-311-darwin.so
0x0000000105b84000 	/Users/song-giung/code/study/Momentum_Study/.venv/lib/python3.11/site-packages/numpy/linalg/_umath_linalg.cpython-311-darwin.so
0x000000010b300000 	/Users/song-giung/code/study/Momentum_Study/.venv/lib/python3.11/site-packages/numpy/random/_bounded_integers.cpython-311-darwin.so
0x000000010b6b0000 	/Users/song-giung/code/study/Momentum_Study/.venv/lib/python3.11/site-packages/numpy/random/bit_generator.cpython-311-darwin.so
0x000000010b6e4000 	/Users/song-giung/code/study/Momentum_Study/.venv/lib/python3.11/site-packages/numpy/random/_common.cpython-311-darwin.so
0x000000010b844000 	/Users/song-giung/code/study/Momentum_Study/.venv/lib/python3.11/site-packages/numpy/random/_generator.cpython-311-darwin.so
0x0000000105b5c000 	/Users/song-giung/code/study/Momentum_Study/.venv/lib/python3.11/site-packages/numpy/random/_pcg64.cpython-311-darwin.so
0x0000000105bac000 	/Users/song-giung/code/study/Momentum_Study/.venv/lib/python3.11/site-packages/numpy/random/_mt19937.cpython-311-darwin.so
0x0000000105bd0000 	/Users/song-giung/code/study/Momentum_Study/.venv/lib/python3.11/site-packages/numpy/random/_philox.cpython-311-darwin.so
0x0000000105570000 	/Users/song-giung/code/study/Momentum_Study/.venv/lib/python3.11/site-packages/numpy/random/_sfc64.cpython-311-darwin.so
0x000000010b90c000 	/Users/song-giung/code/study/Momentum_Study/.venv/lib/python3.11/site-packages/numpy/random/mtrand.cpython-311-darwin.so
0x00000001058b8000 	/Users/song-giung/code/study/Momentum_Study/.venv/lib/python3.11/site-packages/pandas/_libs/pandas_parser.cpython-311-darwin.so
0x000000010b720000 	/Users/song-giung/code/study/Momentum_Study/.venv/lib/python3.11/site-packages/pandas/_libs/pandas_datetime.cpython-311-darwin.so
0x000000010bab4000 	/Users/song-giung/code/study/Momentum_Study/.venv/lib/python3.11/site-packages/pandas/_libs/interval.cpython-311-darwin.so
0x000000010bd6c000 	/Users/song-giung/code/study/Momentum_Study/.venv/lib/python3.11/site-packages/pandas/_libs/hashtable.cpython-311-darwin.so
0x000000010b7b4000 	/Users/song-giung/code/study/Momentum_Study/.venv/lib/python3.11/site-packages/pandas/_libs/missing.cpython-311-darwin.so
0x000000010b7e8000 	/Users/song-giung/code/study/Momentum_Study/.venv/lib/python3.11/site-packages/pandas/_libs/tslibs/dtypes.cpython-311-darwin.so
0x000000010b734000 	/Users/song-giung/code/study/Momentum_Study/.venv/lib/python3.11/site-packages/pandas/_libs/tslibs/ccalendar.cpython-311-darwin.so
0x000000010b81c000 	/Users/song-giung/code/study/Momentum_Study/.venv/lib/python3.11/site-packages/pandas/_libs/tslibs/np_datetime.cpython-311-darwin.so
0x000000010bbf8000 	/Users/song-giung/code/study/Momentum_Study/.venv/lib/python3.11/site-packages/pandas/_libs/tslibs/conversion.cpython-311-darwin.so
0x000000010b74c000 	/Users/song-giung/code/study/Momentum_Study/.venv/lib/python3.11/site-packages/pandas/_libs/tslibs/base.cpython-311-darwin.so
0x000000010bf24000 	/Users/song-giung/code/study/Momentum_Study/.venv/lib/python3.11/site-packages/pandas/_libs/tslibs/offsets.cpython-311-darwin.so
0x000000010bcc0000 	/Users/song-giung/code/study/Momentum_Study/.venv/lib/python3.11/site-packages/pandas/_libs/tslibs/timestamps.cpython-311-darwin.so
0x000000010bc38000 	/Users/song-giung/code/study/Momentum_Study/.venv/lib/python3.11/site-packages/pandas/_libs/tslibs/nattype.cpython-311-darwin.so
0x000000010c088000 	/Users/song-giung/code/study/Momentum_Study/.venv/lib/python3.11/site-packages/pandas/_libs/tslibs/timedeltas.cpython-311-darwin.so
0x000000010bc78000 	/Users/song-giung/code/study/Momentum_Study/.venv/lib/python3.11/site-packages/pandas/_libs/tslibs/timezones.cpython-311-darwin.so
0x000000010b780000 	/opt/homebrew/Cellar/python@3.11/3.11.11/Frameworks/Python.framework/Versions/3.11/lib/python3.11/lib-dynload/_zoneinfo.cpython-311-darwin.so
0x000000010c108000 	/Users/song-giung/code/study/Momentum_Study/.venv/lib/python3.11/site-packages/pandas/_libs/tslibs/fields.cpython-311-darwin.so
0x000000010c150000 	/Users/song-giung/code/study/Momentum_Study/.venv/lib/python3.11/site-packages/pandas/_libs/tslibs/tzconversion.cpython-311-darwin.so
0x000000010b794000 	/Users/song-giung/code/study/Momentum_Study/.venv/lib/python3.11/site-packages/pandas/_libs/properties.cpython-311-darwin.so
0x000000010c194000 	/Users/song-giung/code/study/Momentum_Study/.venv/lib/python3.11/site-packages/pandas/_libs/tslibs/parsing.cpython-311-darwin.so
0x000000010c1ec000 	/Users/song-giung/code/study/Momentum_Study/.venv/lib/python3.11/site-packages/pandas/_libs/tslibs/strptime.cpython-311-darwin.so
0x000000010c23c000 	/Users/song-giung/code/study/Momentum_Study/.venv/lib/python3.11/site-packages/pandas/_libs/tslibs/period.cpython-311-darwin.so
0x000000010c00c000 	/Users/song-giung/code/study/Momentum_Study/.venv/lib/python3.11/site-packages/pandas/_libs/tslibs/vectorized.cpython-311-darwin.so
0x000000010bbb8000 	/Users/song-giung/code/study/Momentum_Study/.venv/lib/python3.11/site-packages/pandas/_libs/ops_dispatch.cpython-311-darwin.so
0x000000010c434000 	/Users/song-giung/code/study/Momentum_Study/.venv/lib/python3.11/site-packages/pandas/_libs/algos.cpython-311-darwin.so
0x000000010c670000 	/Users/song-giung/code/study/Momentum_Study/.venv/lib/python3.11/site-packages/pandas/_libs/lib.cpython-311-darwin.so
0x000000010c3a8000 	/Users/song-giung/code/study/Momentum_Study/.venv/lib/python3.11/site-packages/pandas/_libs/ops.cpython-311-darwin.so
0x000000010c3e0000 	/Users/song-giung/code/study/Momentum_Study/.venv/lib/python3.11/site-packages/pandas/_libs/hashing.cpython-311-darwin.so
0x000000010c040000 	/Users/song-giung/code/study/Momentum_Study/.venv/lib/python3.11/site-packages/pandas/_libs/arrays.cpython-311-darwin.so
0x000000010c60c000 	/Users/song-giung/code/study/Momentum_Study/.venv/lib/python3.11/site-packages/pandas/_libs/tslib.cpython-311-darwin.so
0x000000010cac8000 	/Users/song-giung/code/study/Momentum_Study/.venv/lib/python3.11/site-packages/pandas/_libs/sparse.cpython-311-darwin.so
0x000000010ca70000 	/Users/song-giung/code/study/Momentum_Study/.venv/lib/python3.11/site-packages/pandas/_libs/internals.cpython-311-darwin.so
0x000000010bbcc000 	/Users/song-giung/code/study/Momentum_Study/.venv/lib/python3.11/site-packages/pandas/_libs/indexing.cpython-311-darwin.so
0x000000010cfc0000 	/Users/song-giung/code/study/Momentum_Study/.venv/lib/python3.11/site-packages/pandas/_libs/index.cpython-311-darwin.so
0x000000010ca1c000 	/Users/song-giung/code/study/Momentum_Study/.venv/lib/python3.11/site-packages/pandas/_libs/writers.cpython-311-darwin.so
0x000000010d17c000 	/Users/song-giung/code/study/Momentum_Study/.venv/lib/python3.11/site-packages/pandas/_libs/join.cpython-311-darwin.so
0x0000000105bf0000 	/opt/homebrew/Cellar/python@3.11/3.11.11/Frameworks/Python.framework/Versions/3.11/lib/python3.11/lib-dynload/mmap.cpython-311-darwin.so
0x000000010bbe4000 	/opt/homebrew/Cellar/python@3.11/3.11.11/Frameworks/Python.framework/Versions/3.11/lib/python3.11/lib-dynload/grp.cpython-311-darwin.so
0x000000010cf00000 	/Users/song-giung/code/study/Momentum_Study/.venv/lib/python3.11/site-packages/pandas/_libs/window/aggregations.cpython-311-darwin.so
0x000000010cb78000 	/Users/song-giung/code/study/Momentum_Study/.venv/lib/python3.11/site-packages/pandas/_libs/window/indexers.cpython-311-darwin.so
0x000000010cba8000 	/Users/song-giung/code/study/Momentum_Study/.venv/lib/python3.11/site-packages/pandas/_libs/reshape.cpython-311-darwin.so
0x000000010d9e8000 	/Users/song-giung/code/study/Momentum_Study/.venv/lib/python3.11/site-packages/pandas/_libs/groupby.cpython-311-darwin.so
0x000000010bd4c000 	/Users/song-giung/code/study/Momentum_Study/.venv/lib/python3.11/site-packages/pandas/_libs/json.cpython-311-darwin.so
0x000000010d0f4000 	/Users/song-giung/code/study/Momentum_Study/.venv/lib/python3.11/site-packages/pandas/_libs/parsers.cpython-311-darwin.so
0x000000010c410000 	/Users/song-giung/code/study/Momentum_Study/.venv/lib/python3.11/site-packages/pandas/_libs/testing.cpython-311-darwin.so
0x000000010c064000 	/opt/homebrew/Cellar/python@3.11/3.11.11/Frameworks/Python.framework/Versions/3.11/lib/python3.11/lib-dynload/cmath.cpython-311-darwin.so
0x000000010cf54000 	/Users/song-giung/code/study/Momentum_Study/.venv/lib/python3.11/site-packages/matplotlib/_c_internal_utils.cpython-311-darwin.so
0x000000010ded4000 	/Users/song-giung/code/study/Momentum_Study/.venv/lib/python3.11/site-packages/PIL/_imaging.cpython-311-darwin.so
0x000000010df64000 	/Users/song-giung/code/study/Momentum_Study/.venv/lib/python3.11/site-packages/PIL/.dylibs/libtiff.6.dylib
0x000000010e030000 	/Users/song-giung/code/study/Momentum_Study/.venv/lib/python3.11/site-packages/PIL/.dylibs/libjpeg.62.4.0.dylib
0x000000010e0cc000 	/Users/song-giung/code/study/Momentum_Study/.venv/lib/python3.11/site-packages/PIL/.dylibs/libopenjp2.2.5.3.dylib
0x000000010cf7c000 	/Users/song-giung/code/study/Momentum_Study/.venv/lib/python3.11/site-packages/PIL/.dylibs/libz.1.3.1.zlib-ng.dylib
0x000000010d084000 	/Users/song-giung/code/study/Momentum_Study/.venv/lib/python3.11/site-packages/PIL/.dylibs/libxcb.1.1.0.dylib
0x000000010d900000 	/Users/song-giung/code/study/Momentum_Study/.venv/lib/python3.11/site-packages/PIL/.dylibs/liblzma.5.dylib
0x000000010c5c4000 	/Users/song-giung/code/study/Momentum_Study/.venv/lib/python3.11/site-packages/PIL/.dylibs/libXau.6.dylib
0x000000010d954000 	/Users/song-giung/code/study/Momentum_Study/.venv/lib/python3.11/site-packages/matplotlib/_path.cpython-311-darwin.so
0x000000010e17c000 	/Users/song-giung/code/study/Momentum_Study/.venv/lib/python3.11/site-packages/matplotlib/_image.cpython-311-darwin.so
0x000000010e704000 	/Users/song-giung/code/study/Momentum_Study/.venv/lib/python3.11/site-packages/matplotlib/ft2font.cpython-311-darwin.so
0x000000010d2b0000 	/Users/song-giung/code/study/Momentum_Study/.venv/lib/python3.11/site-packages/kiwisolver/_cext.cpython-311-darwin.so
0x000000010ca50000 	/Users/song-giung/code/study/Momentum_Study/.venv/lib/python3.11/site-packages/PIL/_imagingft.cpython-311-darwin.so
0x000000010f328000 	/Users/song-giung/code/study/Momentum_Study/.venv/lib/python3.11/site-packages/PIL/.dylibs/libfreetype.6.dylib
0x000000010f604000 	/Users/song-giung/code/study/Momentum_Study/.venv/lib/python3.11/site-packages/PIL/.dylibs/libharfbuzz.0.dylib
0x000000010ea64000 	/Users/song-giung/code/study/Momentum_Study/.venv/lib/python3.11/site-packages/PIL/.dylibs/libpng16.16.dylib
0x000000010c5d8000 	/Users/song-giung/code/study/Momentum_Study/.venv/lib/python3.11/site-packages/PIL/.dylibs/libbrotlidec.1.1.0.dylib
0x000000010d9a8000 	/Users/song-giung/code/study/Momentum_Study/.venv/lib/python3.11/site-packages/PIL/.dylibs/libbrotlicommon.1.1.0.dylib
0x000000010d278000 	/opt/homebrew/Cellar/fribidi/1.0.16/lib/libfribidi.0.dylib
0x000000010eac0000 	/Users/song-giung/code/study/Momentum_Study/.venv/lib/python3.11/site-packages/wordcloud/query_integral_image.cpython-311-darwin.so
0x000000010f200000 	/Users/song-giung/code/study/Momentum_Study/.venv/lib/python3.11/site-packages/_jpype.cpython-311-darwin.so
0x000000010c078000 	/Users/song-giung/code/study/Momentum_Study/.venv/lib/python3.11/site-packages/sklearn/__check_build/_check_build.cpython-311-darwin.so
0x000000010ea08000 	/Users/song-giung/code/study/Momentum_Study/.venv/lib/python3.11/site-packages/scipy/_lib/_ccallback_c.cpython-311-darwin.so
0x00000001034c4000 	/Users/song-giung/code/study/Momentum_Study/.venv/lib/python3.11/site-packages/charset_normalizer/md.cpython-311-darwin.so
0x000000010ea28000 	/Users/song-giung/code/study/Momentum_Study/.venv/lib/python3.11/site-packages/charset_normalizer/md__mypyc.cpython-311-darwin.so
0x000000010c654000 	/opt/homebrew/Cellar/python@3.11/3.11.11/Frameworks/Python.framework/Versions/3.11/lib/python3.11/lib-dynload/_multibytecodec.cpython-311-darwin.so
0x000000010f550000 	/Users/song-giung/code/study/Momentum_Study/.venv/lib/python3.11/site-packages/numpy/fft/_pocketfft_umath.cpython-311-darwin.so
0x000000011106c000 	/Users/song-giung/code/study/Momentum_Study/.venv/lib/python3.11/site-packages/scipy/sparse/_sparsetools.cpython-311-darwin.so
0x0000000110d00000 	/Users/song-giung/code/study/Momentum_Study/.venv/lib/python3.11/site-packages/scipy/sparse/_csparsetools.cpython-311-darwin.so
0x000000010f298000 	/Users/song-giung/code/study/Momentum_Study/.venv/lib/python3.11/site-packages/scipy/_cyutility.cpython-311-darwin.so
0x000000010cbec000 	/opt/homebrew/Cellar/python@3.11/3.11.11/Frameworks/Python.framework/Versions/3.11/lib/python3.11/lib-dynload/_multiprocessing.cpython-311-darwin.so
0x000000010cfa4000 	/opt/homebrew/Cellar/python@3.11/3.11.11/Frameworks/Python.framework/Versions/3.11/lib/python3.11/lib-dynload/_posixshmem.cpython-311-darwin.so
0x00000001113d8000 	/Users/song-giung/code/study/Momentum_Study/.venv/lib/python3.11/site-packages/scipy/special/_ufuncs.cpython-311-darwin.so
0x00000001115d4000 	/Users/song-giung/code/study/Momentum_Study/.venv/lib/python3.11/site-packages/scipy/special/_ufuncs_cxx.cpython-311-darwin.so
0x000000010f2c4000 	/Users/song-giung/code/study/Momentum_Study/.venv/lib/python3.11/site-packages/scipy/special/_ellip_harm_2.cpython-311-darwin.so
0x0000000111710000 	/Users/song-giung/code/study/Momentum_Study/.venv/lib/python3.11/site-packages/scipy/special/_special_ufuncs.cpython-311-darwin.so
0x0000000111534000 	/Users/song-giung/code/study/Momentum_Study/.venv/lib/python3.11/site-packages/scipy/special/_gufuncs.cpython-311-darwin.so
0x000000010f5a4000 	/Users/song-giung/code/study/Momentum_Study/.venv/lib/python3.11/site-packages/scipy/special/_specfun.cpython-311-darwin.so
0x000000010d0c8000 	/Users/song-giung/code/study/Momentum_Study/.venv/lib/python3.11/site-packages/scipy/special/_comb.cpython-311-darwin.so
0x0000000111828000 	/Users/song-giung/code/study/Momentum_Study/.venv/lib/python3.11/site-packages/scipy/linalg/_fblas.cpython-311-darwin.so
0x0000000111a7c000 	/Users/song-giung/code/study/Momentum_Study/.venv/lib/python3.11/site-packages/scipy/linalg/_flapack.cpython-311-darwin.so
0x00000001119b0000 	/Users/song-giung/code/study/Momentum_Study/.venv/lib/python3.11/site-packages/scipy/linalg/_cythonized_array_utils.cpython-311-darwin.so
0x0000000111cf4000 	/Users/song-giung/code/study/Momentum_Study/.venv/lib/python3.11/site-packages/scipy/linalg/cython_lapack.cpython-311-darwin.so
0x000000010f5d4000 	/Users/song-giung/code/study/Momentum_Study/.venv/lib/python3.11/site-packages/scipy/linalg/_solve_toeplitz.cpython-311-darwin.so
0x000000010f304000 	/Users/song-giung/code/study/Momentum_Study/.venv/lib/python3.11/site-packages/scipy/linalg/_decomp_lu_cython.cpython-311-darwin.so
0x000000010d0dc000 	/Users/song-giung/code/study/Momentum_Study/.venv/lib/python3.11/site-packages/scipy/linalg/_matfuncs_schur_sqrtm.cpython-311-darwin.so
0x000000010f7b8000 	/Users/song-giung/code/study/Momentum_Study/.venv/lib/python3.11/site-packages/scipy/linalg/_matfuncs_expm.cpython-311-darwin.so
0x0000000111498000 	/Users/song-giung/code/study/Momentum_Study/.venv/lib/python3.11/site-packages/scipy/linalg/_linalg_pythran.cpython-311-darwin.so
0x0000000111a10000 	/Users/song-giung/code/study/Momentum_Study/.venv/lib/python3.11/site-packages/scipy/linalg/_decomp_update.cpython-311-darwin.so
0x00000001114bc000 	/Users/song-giung/code/study/Momentum_Study/.venv/lib/python3.11/site-packages/scipy/linalg/cython_blas.cpython-311-darwin.so
0x0000000111c48000 	/Users/song-giung/code/study/Momentum_Study/.venv/lib/python3.11/site-packages/scipy/sparse/linalg/_dsolve/_superlu.cpython-311-darwin.so
0x0000000112140000 	/Users/song-giung/code/study/Momentum_Study/.venv/lib/python3.11/site-packages/scipy/sparse/linalg/_eigen/arpack/_arpack.cpython-311-darwin.so
0x000000011238c000 	/Users/song-giung/code/study/Momentum_Study/.venv/lib/python3.11/site-packages/scipy/.dylibs/libgfortran.5.dylib
0x00000001120c8000 	/Users/song-giung/code/study/Momentum_Study/.venv/lib/python3.11/site-packages/scipy/.dylibs/libquadmath.0.dylib
0x000000010f7d4000 	/Users/song-giung/code/study/Momentum_Study/.venv/lib/python3.11/site-packages/scipy/.dylibs/libgcc_s.1.1.dylib
0x0000000111a54000 	/Users/song-giung/code/study/Momentum_Study/.venv/lib/python3.11/site-packages/scipy/sparse/linalg/_propack/_spropack.cpython-311-darwin.so
0x0000000111c90000 	/Users/song-giung/code/study/Momentum_Study/.venv/lib/python3.11/site-packages/scipy/sparse/linalg/_propack/_dpropack.cpython-311-darwin.so
0x0000000111da0000 	/Users/song-giung/code/study/Momentum_Study/.venv/lib/python3.11/site-packages/scipy/sparse/linalg/_propack/_cpropack.cpython-311-darwin.so
0x00000001122ec000 	/Users/song-giung/code/study/Momentum_Study/.venv/lib/python3.11/site-packages/scipy/sparse/linalg/_propack/_zpropack.cpython-311-darwin.so
0x00000001125ec000 	/Users/song-giung/code/study/Momentum_Study/.venv/lib/python3.11/site-packages/scipy/spatial/_ckdtree.cpython-311-darwin.so
0x0000000112734000 	/Users/song-giung/code/study/Momentum_Study/.venv/lib/python3.11/site-packages/scipy/spatial/_qhull.cpython-311-darwin.so
0x00000001114e8000 	/Users/song-giung/code/study/Momentum_Study/.venv/lib/python3.11/site-packages/scipy/_lib/messagestream.cpython-311-darwin.so
0x000000010d2e8000 	/Users/song-giung/code/study/Momentum_Study/.venv/lib/python3.11/site-packages/scipy/spatial/_voronoi.cpython-311-darwin.so
0x0000000111504000 	/Users/song-giung/code/study/Momentum_Study/.venv/lib/python3.11/site-packages/scipy/spatial/_hausdorff.cpython-311-darwin.so
0x000000011297c000 	/Users/song-giung/code/study/Momentum_Study/.venv/lib/python3.11/site-packages/scipy/spatial/_distance_pybind.cpython-311-darwin.so
0x0000000111cb8000 	/Users/song-giung/code/study/Momentum_Study/.venv/lib/python3.11/site-packages/scipy/spatial/_distance_wrap.cpython-311-darwin.so
0x0000000112a60000 	/Users/song-giung/code/study/Momentum_Study/.venv/lib/python3.11/site-packages/scipy/spatial/transform/_rigid_transform.cpython-311-darwin.so
0x0000000112b54000 	/Users/song-giung/code/study/Momentum_Study/.venv/lib/python3.11/site-packages/scipy/spatial/transform/_rotation.cpython-311-darwin.so
0x000000010f2e4000 	/Users/song-giung/code/study/Momentum_Study/.venv/lib/python3.11/site-packages/scipy/optimize/_group_columns.cpython-311-darwin.so
0x0000000111eb4000 	/Users/song-giung/code/study/Momentum_Study/.venv/lib/python3.11/site-packages/scipy/optimize/_trlib/_trlib.cpython-311-darwin.so
0x000000010d168000 	/Users/song-giung/code/study/Momentum_Study/.venv/lib/python3.11/site-packages/scipy/optimize/_lbfgsb.cpython-311-darwin.so
0x0000000112060000 	/Users/song-giung/code/study/Momentum_Study/.venv/lib/python3.11/site-packages/scipy/optimize/_moduleTNC.cpython-311-darwin.so
0x0000000111520000 	/Users/song-giung/code/study/Momentum_Study/.venv/lib/python3.11/site-packages/scipy/optimize/_slsqplib.cpython-311-darwin.so
0x0000000111e08000 	/Users/song-giung/code/study/Momentum_Study/.venv/lib/python3.11/site-packages/scipy/optimize/_minpack.cpython-311-darwin.so
0x0000000111cd8000 	/Users/song-giung/code/study/Momentum_Study/.venv/lib/python3.11/site-packages/scipy/optimize/_lsq/givens_elimination.cpython-311-darwin.so
0x000000010eaf0000 	/Users/song-giung/code/study/Momentum_Study/.venv/lib/python3.11/site-packages/scipy/optimize/_zeros.cpython-311-darwin.so
0x000000011333c000 	/Users/song-giung/code/study/Momentum_Study/.venv/lib/python3.11/site-packages/scipy/optimize/_highspy/_core.cpython-311-darwin.so
0x0000000113058000 	/Users/song-giung/code/study/Momentum_Study/.venv/lib/python3.11/site-packages/scipy/optimize/_highspy/_highs_options.cpython-311-darwin.so
0x000000011313c000 	/Users/song-giung/code/study/Momentum_Study/.venv/lib/python3.11/site-packages/scipy/linalg/_decomp_interpolative.cpython-311-darwin.so
0x0000000111e70000 	/Users/song-giung/code/study/Momentum_Study/.venv/lib/python3.11/site-packages/scipy/_lib/_uarray/_uarray.cpython-311-darwin.so
0x00000001137a0000 	/Users/song-giung/code/study/Momentum_Study/.venv/lib/python3.11/site-packages/scipy/fft/_pocketfft/pypocketfft.cpython-311-darwin.so
0x0000000112284000 	/Users/song-giung/code/study/Momentum_Study/.venv/lib/python3.11/site-packages/scipy/optimize/_bglu_dense.cpython-311-darwin.so
0x0000000111e24000 	/Users/song-giung/code/study/Momentum_Study/.venv/lib/python3.11/site-packages/scipy/optimize/_lsap.cpython-311-darwin.so
0x0000000112580000 	/Users/song-giung/code/study/Momentum_Study/.venv/lib/python3.11/site-packages/scipy/optimize/_pava_pybind.cpython-311-darwin.so
0x0000000111e38000 	/Users/song-giung/code/study/Momentum_Study/.venv/lib/python3.11/site-packages/scipy/optimize/_direct.cpython-311-darwin.so
0x0000000112088000 	/Users/song-giung/code/study/Momentum_Study/.venv/lib/python3.11/site-packages/scipy/integrate/_odepack.cpython-311-darwin.so
0x0000000112124000 	/Users/song-giung/code/study/Momentum_Study/.venv/lib/python3.11/site-packages/scipy/integrate/_quadpack.cpython-311-darwin.so
0x0000000112a28000 	/Users/song-giung/code/study/Momentum_Study/.venv/lib/python3.11/site-packages/scipy/integrate/_vode.cpython-311-darwin.so
0x00000001121d8000 	/Users/song-giung/code/study/Momentum_Study/.venv/lib/python3.11/site-packages/scipy/integrate/_dop.cpython-311-darwin.so
0x000000011221c000 	/Users/song-giung/code/study/Momentum_Study/.venv/lib/python3.11/site-packages/scipy/integrate/_lsoda.cpython-311-darwin.so
0x000000011223c000 	/Users/song-giung/code/study/Momentum_Study/.venv/lib/python3.11/site-packages/scipy/interpolate/_fitpack.cpython-311-darwin.so
0x0000000113c20000 	/Users/song-giung/code/study/Momentum_Study/.venv/lib/python3.11/site-packages/scipy/interpolate/_dfitpack.cpython-311-darwin.so
0x0000000111ee4000 	/Users/song-giung/code/study/Momentum_Study/.venv/lib/python3.11/site-packages/scipy/interpolate/_dierckx.cpython-311-darwin.so
0x0000000113230000 	/Users/song-giung/code/study/Momentum_Study/.venv/lib/python3.11/site-packages/scipy/interpolate/_ppoly.cpython-311-darwin.so
0x00000001132b8000 	/Users/song-giung/code/study/Momentum_Study/.venv/lib/python3.11/site-packages/scipy/interpolate/_interpnd.cpython-311-darwin.so
0x0000000113da4000 	/Users/song-giung/code/study/Momentum_Study/.venv/lib/python3.11/site-packages/scipy/interpolate/_rbfinterp_pythran.cpython-311-darwin.so
0x0000000112678000 	/Users/song-giung/code/study/Momentum_Study/.venv/lib/python3.11/site-packages/scipy/interpolate/_rgi_cython.cpython-311-darwin.so
0x0000000113f54000 	/Users/song-giung/code/study/Momentum_Study/.venv/lib/python3.11/site-packages/scipy/stats/_stats.cpython-311-darwin.so
0x00000001141e8000 	/Users/song-giung/code/study/Momentum_Study/.venv/lib/python3.11/site-packages/scipy/special/cython_special.cpython-311-darwin.so
0x000000011399c000 	/Users/song-giung/code/study/Momentum_Study/.venv/lib/python3.11/site-packages/scipy/stats/_biasedurn.cpython-311-darwin.so
0x0000000113110000 	/Users/song-giung/code/study/Momentum_Study/.venv/lib/python3.11/site-packages/scipy/stats/_stats_pythran.cpython-311-darwin.so
0x0000000111f1c000 	/Users/song-giung/code/study/Momentum_Study/.venv/lib/python3.11/site-packages/scipy/stats/_levy_stable/levyst.cpython-311-darwin.so
0x00000001128f0000 	/Users/song-giung/code/study/Momentum_Study/.venv/lib/python3.11/site-packages/scipy/stats/_ansari_swilk_statistics.cpython-311-darwin.so
0x0000000114450000 	/Users/song-giung/code/study/Momentum_Study/.venv/lib/python3.11/site-packages/scipy/sparse/csgraph/_shortest_path.cpython-311-darwin.so
0x0000000113bf0000 	/Users/song-giung/code/study/Momentum_Study/.venv/lib/python3.11/site-packages/scipy/sparse/csgraph/_tools.cpython-311-darwin.so
0x0000000114720000 	/Users/song-giung/code/study/Momentum_Study/.venv/lib/python3.11/site-packages/scipy/sparse/csgraph/_traversal.cpython-311-darwin.so
0x0000000112934000 	/Users/song-giung/code/study/Momentum_Study/.venv/lib/python3.11/site-packages/scipy/sparse/csgraph/_min_spanning_tree.cpython-311-darwin.so
0x0000000113c90000 	/Users/song-giung/code/study/Momentum_Study/.venv/lib/python3.11/site-packages/scipy/sparse/csgraph/_flow.cpython-311-darwin.so
0x0000000113cc0000 	/Users/song-giung/code/study/Momentum_Study/.venv/lib/python3.11/site-packages/scipy/sparse/csgraph/_matching.cpython-311-darwin.so
0x0000000113cf0000 	/Users/song-giung/code/study/Momentum_Study/.venv/lib/python3.11/site-packages/scipy/sparse/csgraph/_reordering.cpython-311-darwin.so
0x0000000113d3c000 	/Users/song-giung/code/study/Momentum_Study/.venv/lib/python3.11/site-packages/scipy/stats/_sobol.cpython-311-darwin.so
0x0000000112ad8000 	/Users/song-giung/code/study/Momentum_Study/.venv/lib/python3.11/site-packages/scipy/stats/_qmc_cy.cpython-311-darwin.so
0x00000001126dc000 	/Users/song-giung/code/study/Momentum_Study/.venv/lib/python3.11/site-packages/scipy/stats/_rcont/rcont.cpython-311-darwin.so
0x0000000112e20000 	/Users/song-giung/code/study/Momentum_Study/.venv/lib/python3.11/site-packages/scipy/stats/_qmvnt_cy.cpython-311-darwin.so
0x00000001144d0000 	/Users/song-giung/code/study/Momentum_Study/.venv/lib/python3.11/site-packages/scipy/ndimage/_nd_image.cpython-311-darwin.so
0x0000000111f30000 	/Users/song-giung/code/study/Momentum_Study/.venv/lib/python3.11/site-packages/scipy/ndimage/_rank_filter_1d.cpython-311-darwin.so
0x00000001147e0000 	/Users/song-giung/code/study/Momentum_Study/.venv/lib/python3.11/site-packages/scipy/ndimage/_ni_label.cpython-311-darwin.so
0x000000011481c000 	/Users/song-giung/code/study/Momentum_Study/.venv/lib/python3.11/site-packages/sklearn/utils/_isfinite.cpython-311-darwin.so
0x0000000114efc000 	/Users/song-giung/code/study/Momentum_Study/.venv/lib/python3.11/site-packages/sklearn/utils/sparsefuncs_fast.cpython-311-darwin.so
0x00000001148ac000 	/Users/song-giung/code/study/Momentum_Study/.venv/lib/python3.11/site-packages/sklearn/utils/murmurhash.cpython-311-darwin.so
0x0000000112afc000 	/Users/song-giung/code/study/Momentum_Study/.venv/lib/python3.11/site-packages/sklearn/utils/_openmp_helpers.cpython-311-darwin.so
0x0000000115048000 	/Users/song-giung/code/study/Momentum_Study/.venv/lib/python3.11/site-packages/sklearn/.dylibs/libomp.dylib
0x0000000115200000 	/Users/song-giung/code/study/Momentum_Study/.venv/lib/python3.11/site-packages/sklearn/preprocessing/_csr_polynomial_expansion.cpython-311-darwin.so
0x00000001152bc000 	/Users/song-giung/code/study/Momentum_Study/.venv/lib/python3.11/site-packages/sklearn/preprocessing/_target_encoder_fast.cpython-311-darwin.so
0x00000001130ac000 	/Users/song-giung/code/study/Momentum_Study/.venv/lib/python3.11/site-packages/sklearn/feature_extraction/_hashing_fast.cpython-311-darwin.so
0x0000000114914000 	/Users/song-giung/code/study/Momentum_Study/.venv/lib/python3.11/site-packages/sklearn/utils/_vector_sentinel.cpython-311-darwin.so
0x0000000114cf0000 	/Users/song-giung/code/study/Momentum_Study/.venv/lib/python3.11/site-packages/sklearn/metrics/cluster/_expected_mutual_info_fast.cpython-311-darwin.so
0x0000000115440000 	/Users/song-giung/code/study/Momentum_Study/.venv/lib/python3.11/site-packages/sklearn/metrics/_dist_metrics.cpython-311-darwin.so
0x00000001155d4000 	/Users/song-giung/code/study/Momentum_Study/.venv/lib/python3.11/site-packages/sklearn/metrics/_pairwise_distances_reduction/_argkmin.cpython-311-darwin.so
0x0000000114e78000 	/Users/song-giung/code/study/Momentum_Study/.venv/lib/python3.11/site-packages/sklearn/metrics/_pairwise_distances_reduction/_base.cpython-311-darwin.so
0x0000000115644000 	/Users/song-giung/code/study/Momentum_Study/.venv/lib/python3.11/site-packages/sklearn/metrics/_pairwise_distances_reduction/_datasets_pair.cpython-311-darwin.so
0x00000001156e4000 	/Users/song-giung/code/study/Momentum_Study/.venv/lib/python3.11/site-packages/sklearn/utils/_cython_blas.cpython-311-darwin.so
0x0000000115760000 	/Users/song-giung/code/study/Momentum_Study/.venv/lib/python3.11/site-packages/sklearn/metrics/_pairwise_distances_reduction/_middle_term_computer.cpython-311-darwin.so
0x00000001122b4000 	/Users/song-giung/code/study/Momentum_Study/.venv/lib/python3.11/site-packages/sklearn/utils/_heap.cpython-311-darwin.so
0x00000001125ac000 	/Users/song-giung/code/study/Momentum_Study/.venv/lib/python3.11/site-packages/sklearn/utils/_sorting.cpython-311-darwin.so
0x0000000115324000 	/Users/song-giung/code/study/Momentum_Study/.venv/lib/python3.11/site-packages/sklearn/metrics/_pairwise_distances_reduction/_argkmin_classmode.cpython-311-darwin.so
0x00000001158dc000 	/Users/song-giung/code/study/Momentum_Study/.venv/lib/python3.11/site-packages/sklearn/metrics/_pairwise_distances_reduction/_radius_neighbors.cpython-311-darwin.so
0x0000000115824000 	/Users/song-giung/code/study/Momentum_Study/.venv/lib/python3.11/site-packages/sklearn/metrics/_pairwise_distances_reduction/_radius_neighbors_classmode.cpython-311-darwin.so
0x000000011588c000 	/Users/song-giung/code/study/Momentum_Study/.venv/lib/python3.11/site-packages/sklearn/metrics/_pairwise_fast.cpython-311-darwin.so
0x0000000113a04000 	/Library/Java/JavaVirtualMachines/jdk-21.jdk/Contents/MacOS/libjli.dylib
0x00000001ac112000 	/System/Library/Frameworks/Cocoa.framework/Versions/A/Cocoa
0x00000001938d9000 	/System/Library/Frameworks/AppKit.framework/Versions/C/AppKit
0x000000023de7b000 	/System/Library/PrivateFrameworks/CollectionViewCore.framework/Versions/A/CollectionViewCore
0x00000001a5138000 	/System/Library/PrivateFrameworks/RemoteViewServices.framework/Versions/A/RemoteViewServices
0x000000019b6d9000 	/System/Library/PrivateFrameworks/XCTTargetBootstrap.framework/Versions/A/XCTTargetBootstrap
0x00000001a0666000 	/System/Library/PrivateFrameworks/UserActivity.framework/Versions/A/UserActivity
0x000000026c8eb000 	/System/Library/PrivateFrameworks/UIIntelligenceSupport.framework/Versions/A/UIIntelligenceSupport
0x00000001f6861000 	/System/Library/Frameworks/SwiftUICore.framework/Versions/A/SwiftUICore
0x0000000271964000 	/System/Library/PrivateFrameworks/WritingTools.framework/Versions/A/WritingTools
0x00000002709ac000 	/System/Library/PrivateFrameworks/WindowManagement.framework/Versions/A/WindowManagement
0x000000019b6c4000 	/System/Library/PrivateFrameworks/DFRFoundation.framework/Versions/A/DFRFoundation
0x000000019b3bd000 	/System/Library/Frameworks/Carbon.framework/Versions/A/Frameworks/HIToolbox.framework/Versions/A/HIToolbox
0x00000001a5174000 	/System/Library/Frameworks/Carbon.framework/Versions/A/Frameworks/SpeechRecognition.framework/Versions/A/SpeechRecognition
0x00000001b0a27000 	/System/Library/PrivateFrameworks/RenderBox.framework/Versions/A/RenderBox
0x00000001990ed000 	/System/Library/PrivateFrameworks/PerformanceAnalysis.framework/Versions/A/PerformanceAnalysis
0x00000001a54ec000 	/System/Library/Frameworks/Accessibility.framework/Versions/A/Accessibility
0x00000001f1cfa000 	/System/Library/Frameworks/DataDetection.framework/Versions/A/DataDetection
0x00000001f1cfd000 	/System/Library/Frameworks/DeveloperToolsSupport.framework/Versions/A/DeveloperToolsSupport
0x00000001f7424000 	/System/Library/Frameworks/Symbols.framework/Versions/A/Symbols
0x0000000278579000 	/usr/lib/swift/libswiftDataDetection.dylib
0x00000001b613d000 	/usr/lib/swift/libswiftCoreGraphics.dylib
0x00000001a5e95000 	/usr/lib/swift/libswiftFoundation.dylib
0x00000001ecd09000 	/usr/lib/swift/libswiftSwiftOnoneSupport.dylib
0x00000001d8b9b000 	/System/Library/PrivateFrameworks/CoreMaterial.framework/Versions/A/CoreMaterial
0x000000025ec61000 	/System/Library/PrivateFrameworks/SFSymbols.framework/Versions/A/SFSymbols
0x00000001a5161000 	/System/Library/PrivateFrameworks/SpeechRecognitionCore.framework/Versions/A/SpeechRecognitionCore
0x00000001a030f000 	/System/Library/PrivateFrameworks/InternationalSupport.framework/Versions/A/InternationalSupport
0x00000001a972a000 	/System/Library/Frameworks/ApplicationServices.framework/Versions/A/ApplicationServices
0x00000001a193c000 	/System/Library/Frameworks/ApplicationServices.framework/Versions/A/Frameworks/ATS.framework/Versions/A/ATS
0x000000019674f000 	/System/Library/Frameworks/ApplicationServices.framework/Versions/A/Frameworks/HIServices.framework/Versions/A/HIServices
0x00000001a01f8000 	/System/Library/Frameworks/ApplicationServices.framework/Versions/A/Frameworks/PrintCore.framework/Versions/A/PrintCore
0x00000001a1d2f000 	/System/Library/Frameworks/ApplicationServices.framework/Versions/A/Frameworks/QD.framework/Versions/A/QD
0x00000001a1d26000 	/System/Library/Frameworks/ApplicationServices.framework/Versions/A/Frameworks/ColorSyncLegacy.framework/Versions/A/ColorSyncLegacy
0x00000001a190e000 	/System/Library/Frameworks/ApplicationServices.framework/Versions/A/Frameworks/SpeechSynthesis.framework/Versions/A/SpeechSynthesis
0x000000019cbdc000 	/System/Library/PrivateFrameworks/CoreEmoji.framework/Versions/A/CoreEmoji
0x00000001a01b5000 	/System/Library/Frameworks/ApplicationServices.framework/Versions/A/Frameworks/ATSUI.framework/Versions/A/ATSUI
0x00000001a1cba000 	/usr/lib/libcups.2.dylib
0x00000001f07a9000 	/System/Library/Frameworks/AVFAudio.framework/Versions/A/AVFAudio
0x00000001b23ed000 	/System/Library/PrivateFrameworks/AXCoreUtilities.framework/Versions/A/AXCoreUtilities
0x0000000250af0000 	/System/Library/PrivateFrameworks/IsolatedCoreAudioClient.framework/Versions/A/IsolatedCoreAudioClient
0x00000001a31cf000 	/System/Library/Frameworks/IOBluetooth.framework/Versions/A/IOBluetooth
0x000000026ab63000 	/System/Library/PrivateFrameworks/Tightbeam.framework/Versions/A/Tightbeam
0x000000023e95c000 	/System/Library/PrivateFrameworks/CoreAudioOrchestration.framework/Versions/A/CoreAudioOrchestration
0x00000001cfa17000 	/System/Library/PrivateFrameworks/AFKUser.framework/Versions/A/AFKUser
0x00000001b8d09000 	/usr/lib/swift/libswiftCoreAudio.dylib
0x00000001a642d000 	/System/Library/Frameworks/CoreBluetooth.framework/Versions/A/CoreBluetooth
0x00000001a9c28000 	/System/Library/Frameworks/AudioUnit.framework/Versions/A/AudioUnit
0x000000019cca0000 	/System/Library/PrivateFrameworks/CoreUtils.framework/Versions/A/CoreUtils
0x0000000241900000 	/System/Library/PrivateFrameworks/CoreUtilsExtras.framework/Versions/A/CoreUtilsExtras
0x000000024d1c1000 	/System/Library/PrivateFrameworks/IO80211.framework/Versions/A/IO80211
0x00000001a5867000 	/System/Library/Frameworks/MediaAccessibility.framework/Versions/A/MediaAccessibility
0x00000001c131a000 	/System/Library/PrivateFrameworks/AttributeGraph.framework/Versions/A/AttributeGraph
0x000000027723a000 	/usr/lib/libAXSafeCategoryBundle.dylib
0x00000001b24a9000 	/usr/lib/libAccessibility.dylib
0x00000001a1f2a000 	/System/Library/PrivateFrameworks/CorePhoneNumbers.framework/Versions/A/CorePhoneNumbers
0x00000001a72fb000 	/System/Library/PrivateFrameworks/FrontBoardServices.framework/Versions/A/FrontBoardServices
0x00000001a9018000 	/System/Library/PrivateFrameworks/BackBoardServices.framework/Versions/A/BackBoardServices
0x00000001a7475000 	/System/Library/PrivateFrameworks/GraphicsServices.framework/Versions/A/GraphicsServices
0x00000001f1776000 	/System/Library/Frameworks/CoreTransferable.framework/Versions/A/CoreTransferable
0x000000019f5b6000 	/System/Library/PrivateFrameworks/IconServices.framework/Versions/A/IconServices
0x00000001b8d84000 	/usr/lib/swift/libswiftCoreImage.dylib
0x000000019f569000 	/System/Library/PrivateFrameworks/IconFoundation.framework/Versions/A/IconFoundation
0x0000000198e63000 	/System/Library/PrivateFrameworks/CoreUI.framework/Versions/A/CoreUI
0x00000001a026f000 	/System/Library/PrivateFrameworks/TextureIO.framework/Versions/A/TextureIO
0x000000019b6df000 	/System/Library/PrivateFrameworks/CoreSVG.framework/Versions/A/CoreSVG
0x00000001cf354000 	/usr/lib/swift/libswiftAccelerate.dylib
0x000000019f2e6000 	/usr/lib/libIOReport.dylib
0x00000001a0617000 	/System/Library/PrivateFrameworks/DataDetectorsCore.framework/Versions/A/DataDetectorsCore
0x00000001bc681000 	/System/Library/PrivateFrameworks/TextInput.framework/Versions/A/TextInput
0x0000000194d6b000 	/System/Library/PrivateFrameworks/UIFoundation.framework/Versions/A/UIFoundation
0x0000000120800000 	/Library/Java/JavaVirtualMachines/jdk-21.jdk/Contents/Home/lib/server/libjvm.dylib
0x0000000112720000 	/Library/Java/JavaVirtualMachines/jdk-21.jdk/Contents/Home/lib/libjimage.dylib
0x00000001159d8000 	/Library/Java/JavaVirtualMachines/jdk-21.jdk/Contents/Home/lib/libjava.dylib
0x0000000113a48000 	/Library/Java/JavaVirtualMachines/jdk-21.jdk/Contents/Home/lib/libnio.dylib
0x0000000113320000 	/Library/Java/JavaVirtualMachines/jdk-21.jdk/Contents/Home/lib/libnet.dylib
0x0000000115414000 	/Library/Java/JavaVirtualMachines/jdk-21.jdk/Contents/Home/lib/libzip.dylib
0x0000000113b8c000 	/Library/Java/JavaVirtualMachines/jdk-21.jdk/Contents/Home/lib/libverify.dylib
0x0000000116988000 	/Users/song-giung/code/study/Momentum_Study/.venv/lib/python3.11/site-packages/matplotlib/backends/_backend_agg.cpython-311-darwin.so
0x0000000113044000 	/Users/song-giung/code/study/Momentum_Study/.venv/lib/python3.11/site-packages/PIL/_imagingmath.cpython-311-darwin.so


VM Arguments:
jvm_args: -Dfile.encoding=UTF8 -ea -Xmx1024m 
java_command: <unknown>
java_class_path (initial): /Users/song-giung/code/study/Momentum_Study/.venv/lib/python3.11/site-packages/konlpy/java:/Users/song-giung/code/study/Momentum_Study/.venv/lib/python3.11/site-packages/konlpy/java/bin:/Users/song-giung/code/study/Momentum_Study/.venv/lib/python3.11/site-packages/konlpy/java/scala-library-2.12.3.jar:/Users/song-giung/code/study/Momentum_Study/.venv/lib/python3.11/site-packages/konlpy/java/twitter-text-1.14.7.jar:/Users/song-giung/code/study/Momentum_Study/.venv/lib/python3.11/site-packages/konlpy/java/komoran-3.0.jar:/Users/song-giung/code/study/Momentum_Study/.venv/lib/python3.11/site-packages/konlpy/java/jhannanum-0.8.4.jar:/Users/song-giung/code/study/Momentum_Study/.venv/lib/python3.11/site-packages/konlpy/java/open-korean-text-2.1.0.jar:/Users/song-giung/code/study/Momentum_Study/.venv/lib/python3.11/site-packages/konlpy/java/aho-corasick.jar:/Users/song-giung/code/study/Momentum_Study/.venv/lib/python3.11/site-packages/konlpy/java/kkma-2.0.jar:/Users/song-giung/code/study/Momentum_Study/.venv/lib/python3.11/site-packages/konlpy/java/shineware-common-1.0.jar:/Users/song-giung/code/study/Momentum_Study/.venv/lib/python3.11/site-packages/konlpy/java/snakeyaml-1.12.jar:/Users/song-giung/code/study/Momentum_Study/.venv/lib/python3.11/site-packages/konlpy/java/shineware-ds-1.0.jar:/Users/song-giung/code/study/Momentum_Study/.venv/lib/python3.11/site-packages/konlpy/java/jhannanum-0.8.4.jar:/Users/song-giung/code/study/Momentum_Study/.venv/lib/python3.11/site-packages/konlpy/java/kkma-2.0.jar:/Users/song-giung/code/study/Momentum_Study/.venv/lib/python3.11/site-packages/konlpy/java/aho-corasick.jar:/Users/song-giung/code/study/Momentum_Study/.venv/lib/python3.11/site-packages/konlpy/java/shineware-common-1.0.jar:/Users/song-giung/code/study/Momentum_Study/.venv/lib/python3.11/site-packages/konlpy/java/shineware-ds-1.0.jar:/Users/song-giung/code/study/Momentum_Study/.venv/lib/python3.11/site-packages/konlpy/java/komoran-3.0.jar:/Users/song-giung/code/study/Momentum_Study/.venv/lib/python3.11/site-packages/konlpy/java/snakeyaml-1.12.jar:/Users/song-giung/code/study/Momentum_Study/.venv/lib/python3.11/site-packages/konlpy/java/scala-library-2.12.3.jar:/Users/song-giung/code/study/Momentum_Study/.venv/lib/python3.11/site-packages/konlpy/java/open-korean-text-2.1.0.jar:/Users/song-giung/code/study/Momentum_Study/.venv/lib/python3.11/site-packages/konlpy/java/twitter-text-1.14.7.jar:/Users/song-giung/code/study/Momentum_Study/.venv/lib/python3.11/site-packages/konlpy/java/scala-library-2.12.3.jar:/Users/song-giung/code/study/Momentum_Study/.venv/lib/python3.11/site-packages/konlpy/java/twitter-text-1.14.7.jar:/Users/song-giung/code/study/Momentum_Study/.venv/lib/python3.11/site-packages/konlpy/java/komoran-3.0.jar:/Users/song-giung/code/study/Momentum_Study/.venv/lib/python3.11/site-packages/konlpy/java/jhannanum-0.8.4.jar:/Users/song-giung/code/study/Momentum_Study/.venv/lib/python3.11/site-packages/konlpy/java/open-korean-text-2.1.0.jar:/Users/song-giung/code/study/Momentum_Study/.venv/lib/python3.11/site-packages/konlpy/java/aho-corasick.jar:/Users/song-giung/code/study/Momentum_Study/.venv/lib/python3.11/site-packages/konlpy/java/kkma-2.0.jar:/Users/song-giung/code/study/Momentum_Study/.venv/lib/python3.11/site-packages/konlpy/java/shineware-common-1.0.jar:/Users/song-giung/code/study/Momentum_Study/.venv/lib/python3.11/site-packages/konlpy/java/snakeyaml-1.12.jar:/Users/song-giung/code/study/Momentum_Study/.venv/lib/python3.11/site-packages/konlpy/java/shineware-ds-1.0.jar:/Users/song-giung/code/study/Momentum_Study/.venv/lib/python3.11/site-packages/org.jpype.jar
Launcher Type: generic

[Global flags]
     intx CICompilerCount                          = 4                                         {product} {ergonomic}
     uint ConcGCThreads                            = 2                                         {product} {ergonomic}
     uint G1ConcRefinementThreads                  = 8                                         {product} {ergonomic}
   size_t G1HeapRegionSize                         = 1048576                                   {product} {ergonomic}
    uintx GCDrainStackTargetSize                   = 64                                        {product} {ergonomic}
   size_t InitialHeapSize                          = 268435456                                 {product} {ergonomic}
   size_t MarkStackSize                            = 4194304                                   {product} {ergonomic}
   size_t MaxHeapSize                              = 1073741824                                {product} {command line}
   size_t MaxNewSize                               = 643825664                                 {product} {ergonomic}
   size_t MinHeapDeltaBytes                        = 1048576                                   {product} {ergonomic}
   size_t MinHeapSize                              = 8388608                                   {product} {ergonomic}
    uintx NonNMethodCodeHeapSize                   = 5839564                                {pd product} {ergonomic}
    uintx NonProfiledCodeHeapSize                  = 122909338                              {pd product} {ergonomic}
    uintx ProfiledCodeHeapSize                     = 122909338                              {pd product} {ergonomic}
    uintx ReservedCodeCacheSize                    = 251658240                              {pd product} {ergonomic}
     bool SegmentedCodeCache                       = true                                      {product} {ergonomic}
   size_t SoftMaxHeapSize                          = 1073741824                             {manageable} {ergonomic}
     bool UseCompressedOops                        = true                           {product lp64_product} {ergonomic}
     bool UseG1GC                                  = true                                      {product} {ergonomic}
     bool UseNUMA                                  = false                                     {product} {ergonomic}
     bool UseNUMAInterleaving                      = false                                     {product} {ergonomic}

Logging:
Log output configuration:
 #0: stdout all=warning uptime,level,tags foldmultilines=false
 #1: stderr all=off uptime,level,tags foldmultilines=false

Environment Variables:
JAVA_HOME=/path/to/jdk
PATH=/Users/song-giung/code/study/Momentum_Study/.venv/bin:/Users/song-giung/.codeium/windsurf/bin:/Users/song-giung/.nvm/versions/node/v22.13.0/bin:/path/to/jdk/bin:/Library/Frameworks/Python.framework/Versions/3.12/bin:/opt/homebrew/bin:/opt/homebrew/sbin:/usr/local/bin:/System/Cryptexes/App/usr/bin:/usr/bin:/bin:/usr/sbin:/sbin:/var/run/com.apple.security.cryptexd/codex.system/bootstrap/usr/local/bin:/var/run/com.apple.security.cryptexd/codex.system/bootstrap/usr/bin:/var/run/com.apple.security.cryptexd/codex.system/bootstrap/usr/appleinternal/bin:/opt/X11/bin:/Library/Apple/usr/bin
SHELL=/bin/zsh
DISPLAY=/private/tmp/com.apple.launchd.LgulkMCN60/org.xquartz:0
LC_CTYPE=C.UTF-8
TERM=xterm-color
TMPDIR=/var/folders/mm/gkm7k5p904x5yzzddzx31myc0000gn/T/

Active Locale:
LC_ALL=C/en_US.UTF-8/C/C/C/C
LC_COLLATE=C
LC_CTYPE=en_US.UTF-8
LC_MESSAGES=C
LC_MONETARY=C
LC_NUMERIC=C
LC_TIME=C

Signal Handlers:
   SIGSEGV: crash_handler in libjvm.dylib, mask=11100110000111110111111111111111, flags=SA_ONSTACK|SA_RESTART|SA_SIGINFO, unblocked
    SIGBUS: crash_handler in libjvm.dylib, mask=11100110000111110111111111111111, flags=SA_RESTART|SA_SIGINFO, unblocked
    SIGFPE: crash_handler in libjvm.dylib, mask=11100110000111110111111111111111, flags=SA_RESTART|SA_SIGINFO, unblocked
   SIGPIPE: javaSignalHandler in libjvm.dylib, mask=11100110000111110111111111111111, flags=SA_RESTART|SA_SIGINFO, blocked
   SIGXFSZ: javaSignalHandler in libjvm.dylib, mask=11100110000111110111111111111111, flags=SA_RESTART|SA_SIGINFO, blocked
    SIGILL: crash_handler in libjvm.dylib, mask=11100110000111110111111111111111, flags=SA_RESTART|SA_SIGINFO, unblocked
   SIGUSR2: SR_handler in libjvm.dylib, mask=00000000000000000000000000000000, flags=SA_RESTART|SA_SIGINFO, blocked
    SIGHUP: UserHandler in libjvm.dylib, mask=11100110000111110111111111111111, flags=SA_RESTART|SA_SIGINFO, blocked
    SIGINT: SIG_IGN, mask=00000000000000000000000000000000, flags=SA_ONSTACK, blocked
   SIGTERM: UserHandler in libjvm.dylib, mask=11100110000111110111111111111111, flags=SA_RESTART|SA_SIGINFO, blocked
   SIGQUIT: UserHandler in libjvm.dylib, mask=11100110000111110111111111111111, flags=SA_RESTART|SA_SIGINFO, blocked
   SIGTRAP: crash_handler in libjvm.dylib, mask=11100110000111110111111111111111, flags=SA_RESTART|SA_SIGINFO, unblocked


Periodic native trim disabled

---------------  S Y S T E M  ---------------

OS:
uname: Darwin 24.5.0 Darwin Kernel Version 24.5.0: Tue Apr 22 19:54:33 PDT 2025; root:xnu-11417.121.6~2/RELEASE_ARM64_T8122 arm64
OS uptime: 34 days 12:55 hours
rlimit (soft/hard): STACK 8176k/65520k , CORE 0k/infinity , NPROC 2666/4000 , NOFILE 10240/infinity , AS infinity/infinity , CPU infinity/infinity , DATA infinity/infinity , FSIZE infinity/infinity , MEMLOCK infinity/infinity , RSS infinity/infinity
load average: 10.33 10.79 11.06

CPU: total 8 (initial active 8) 0x61:0x0:0xfa33415e:0, fp, asimd, aes, pmull, sha1, sha256, crc32, lse, sha3, sha512
machdep.cpu.brand_string:Apple M3
hw.cachelinesize:128
hw.l1icachesize:131072
hw.l1dcachesize:65536
hw.l2cachesize:4194304

Memory: 16k page, physical 16777216k(6211392k free), swap 8388608k(736128k free)

vm_info: Java HotSpot(TM) 64-Bit Server VM (21.0.4+8-LTS-274) for bsd-aarch64 JRE (21.0.4+8-LTS-274), built on 2024-06-05T05:23:33Z by "mach5one" with clang Apple LLVM 12.0.0 (clang-1200.0.32.29)

END.
